OWNER,PACKAGE_NAME,SUBPROGRAM_NAME,START_LINE,END_LINE,SOURCE_LINE_COUNT,SELECT_COUNT,JOIN_COUNT,GROUP_BY_COUNT,ORDER_BY_COUNT,DISTINCT_COUNT,UNION_COUNT,INSERT_COUNT,UPDATE_COUNT,DELETE_COUNT,MERGE_COUNT,IF_COUNT,ELSIF_COUNT,CASE_COUNT,LOOP_COUNT,WHILE_COUNT,FOR_COUNT,EXCEPTION_COUNT,CURSOR_COUNT,EXECUTE_IMMEDIATE_COUNT,DBMS_SQL_COUNT,COMMIT_COUNT,ROLLBACK_COUNT,DML_COUNT,DYNAMIC_SQL_FLAG,READ_HEAVY_FLAG
CORP,PKG_001,SP_001_001,3,41,39,0,0,0,0,0,0,0,0,0,0,2,1,0,2,0,1,0,0,0,0,0,0,0,0,0
CORP,PKG_001,SP_001_002,42,74,33,1,0,0,0,0,0,1,0,0,0,2,0,0,0,0,0,0,0,0,0,0,0,1,0,0
CORP,PKG_001,SP_001_003,75,154,80,0,0,0,0,0,0,1,0,0,0,5,0,0,0,0,0,3,0,0,0,0,0,1,0,0
CORP,PKG_001,SP_001_004,155,172,18,0,0,0,0,0,0,1,0,0,0,0,0,0,0,0,0,0,0,0,0,0,0,1,0,0
CORP,PKG_001,SP_001_005,173,184,12,0,0,0,0,0,0,0,0,0,0,0,0,0,0,0,0,0,0,0,0,0,0,0,0,0
CORP,PKG_002,SP_002_001,3,34,32,1,0,0,0,0,0,1,0,0,0,2,0,0,0,0,0,0,0,0,0,0,0,1,0,0
CORP,PKG_003,SP_003_001,3,41,39,3,0,0,0,1,0,0,0,0,0,2,0,0,2,0,1,0,0,0,0,0,0,0,0,1
CORP,PKG_003,SP_003_002,42,146,105,6,4,0,0,1,2,0,0,0,0,2,0,0,4,0,2,0,0,0,0,0,0,0,0,1
CORP,PKG_004,SP_004_001,3,44,42,3,0,0,0,0,0,0,0,0,0,0,0,0,0,0,1,0,0,0,0,0,0,0,0,1
CORP,PKG_004,SP_004_002,45,79,35,2,0,0,0,0,0,0,0,0,0,0,0,0,0,0,1,0,0,0,0,0,0,0,0,1
CORP,PKG_004,SP_004_003,80,112,33,2,0,0,0,0,0,0,0,0,0,0,0,0,0,0,1,0,0,0,0,0,0,0,0,1
CORP,PKG_004,SP_004_004,113,145,33,2,0,0,0,0,0,0,0,0,0,0,0,0,0,0,1,0,0,0,0,0,0,0,0,1
CORP,PKG_004,SP_004_005,146,179,34,2,0,0,0,0,0,0,0,0,0,0,0,0,0,0,1,0,0,0,0,0,0,0,0,1
CORP,PKG_004,SP_004_006,180,213,34,2,0,0,0,0,0,0,0,0,0,0,0,0,0,0,1,0,0,0,0,0,0,0,0,1
CORP,PKG_004,SP_004_007,214,276,63,2,0,0,0,0,0,0,3,0,0,6,0,0,0,0,0,0,0,0,0,0,0,3,0,0
CORP,PKG_004,SP_004_008,277,298,22,2,0,0,0,0,0,0,0,0,0,0,0,0,0,0,1,0,0,0,0,0,0,0,0,1
CORP,PKG_004,SP_004_009,299,686,388,24,0,0,0,0,0,0,0,0,0,28,1,0,0,0,1,0,0,0,0,0,0,0,0,1
CORP,PKG_004,SP_004_010,687,"1,076",390,17,0,0,0,0,0,0,0,0,0,42,0,0,0,0,0,0,0,0,0,0,0,0,0,1
CORP,PKG_004,SP_004_011,"1,077","1,154",78,5,0,0,0,0,0,0,0,0,0,4,0,0,0,0,1,0,0,0,0,0,0,0,0,1
CORP,PKG_004,SP_004_012,"1,155","1,197",43,3,0,0,0,0,0,0,0,0,0,2,0,0,0,0,1,0,0,0,0,0,0,0,0,1
CORP,PKG_004,SP_004_013,"1,198","1,239",42,2,0,0,0,0,0,0,0,0,0,2,0,0,0,0,1,0,0,0,0,0,0,0,0,1
CORP,PKG_004,SP_004_014,"1,240","1,262",23,0,0,0,0,0,0,0,1,0,0,2,0,0,0,0,0,0,0,0,0,0,0,1,0,0
CORP,PKG_004,SP_004_015,"1,263","1,354",92,7,0,0,0,0,0,0,0,0,0,4,0,0,0,0,2,0,0,0,0,0,0,0,0,1
CORP,PKG_004,SP_004_016,"1,355","1,442",88,6,0,0,0,0,0,0,0,0,0,4,3,0,0,0,1,0,0,0,0,0,0,0,0,1
CORP,PKG_004,SP_004_017,"1,443","1,449",7,0,0,0,0,0,0,1,0,0,0,0,0,0,0,0,0,0,0,0,0,0,0,1,0,0
CORP,PKG_004,SP_004_018,"1,450","1,604",155,2,1,0,0,1,0,0,0,0,0,16,0,0,14,0,0,0,0,0,0,0,0,0,0,1
CORP,PKG_004,SP_004_019,"1,605","1,752",148,5,1,0,0,3,0,2,4,0,0,2,1,0,2,0,1,0,0,0,0,0,0,6,0,0
CORP,PKG_004,SP_004_020,"1,753","1,801",49,2,0,0,0,0,0,1,0,0,0,2,1,0,0,0,0,0,0,0,0,0,0,1,0,0
CORP,PKG_004,SP_004_021,"1,802","1,819",18,2,0,0,0,0,0,0,0,0,0,0,0,0,0,0,1,0,0,0,0,0,0,0,0,1
CORP,PKG_004,SP_004_022,"1,820","1,866",47,3,0,0,0,0,0,0,2,0,0,4,0,0,0,0,0,0,0,0,0,0,0,2,0,0
CORP,PKG_005,SP_005_001,15,172,158,9,0,4,0,0,0,0,0,0,0,12,0,0,0,0,1,0,0,0,0,0,0,0,0,1
CORP,PKG_005,SP_005_002,173,246,74,1,10,0,0,0,0,0,0,0,0,0,0,0,0,0,1,0,0,0,0,0,0,0,0,1
CORP,PKG_005,SP_005_003,247,335,89,3,0,0,2,0,0,5,0,0,0,10,3,0,0,0,0,0,0,0,0,0,0,5,0,0
CORP,PKG_005,SP_005_004,336,437,102,8,9,2,3,0,0,0,0,0,0,2,1,3,0,0,3,0,0,0,0,0,0,0,0,1
CORP,PKG_005,SP_005_005,438,459,22,1,0,0,0,0,0,0,0,0,0,0,0,0,0,0,1,0,0,0,0,0,0,0,0,1
CORP,PKG_005,SP_005_006,460,484,25,3,2,1,0,0,1,0,0,0,0,0,0,0,0,0,1,0,0,0,0,0,0,0,0,1
CORP,PKG_005,SP_005_007,485,924,440,19,2,1,0,2,2,1,2,0,0,30,6,2,4,0,2,0,0,0,0,0,0,3,0,0
CORP,PKG_005,SP_005_008,925,"1,009",85,2,0,0,0,0,0,1,1,0,0,2,0,0,0,0,0,0,0,0,0,0,0,2,0,0
CORP,PKG_005,SP_005_009,"1,010","1,031",22,3,0,0,0,0,0,0,0,0,0,0,0,0,0,0,1,0,0,0,0,0,0,0,0,1
CORP,PKG_005,SP_005_010,"1,032","1,155",124,11,4,2,1,2,0,1,0,0,0,6,0,0,2,0,2,0,0,1,0,0,0,1,1,0
CORP,PKG_005,SP_005_011,"1,156","1,195",40,3,0,0,0,1,0,0,0,0,0,2,0,0,2,0,1,0,0,0,0,0,0,0,0,1
CORP,PKG_005,SP_005_012,"1,196","1,376",181,8,2,1,0,1,1,0,8,0,0,10,4,1,4,0,1,0,1,0,0,0,0,8,0,0
CORP,PKG_005,SP_005_013,"1,377","1,387",11,2,0,0,0,0,0,0,0,0,0,0,0,0,0,0,1,0,0,0,0,0,0,0,0,1
CORP,PKG_005,SP_005_014,"1,388","1,414",27,2,2,1,1,1,0,0,0,0,0,0,0,0,0,0,1,0,0,0,0,0,0,0,0,1
CORP,PKG_005,SP_005_015,"1,415","1,494",80,3,0,0,0,0,0,1,2,0,0,6,1,0,0,0,0,0,0,0,0,0,0,3,0,0
CORP,PKG_005,SP_005_016,"1,495","1,516",22,2,2,1,0,1,0,0,0,0,0,0,0,0,0,0,1,0,0,0,0,0,0,0,0,1
CORP,PKG_005,SP_005_017,"1,517","1,540",24,2,1,1,1,1,0,0,0,0,0,0,0,0,0,0,1,0,0,0,0,0,0,0,0,1
CORP,PKG_005,SP_005_018,"1,541","1,571",31,3,1,1,1,1,0,0,0,0,0,0,0,0,0,0,1,0,0,0,0,0,0,0,0,1
CORP,PKG_005,SP_005_019,"1,572","1,583",12,1,0,0,0,1,0,0,0,0,0,0,0,0,0,0,1,0,0,0,0,0,0,0,0,1
CORP,PKG_005,SP_005_020,"1,584","1,628",45,4,4,0,2,0,0,0,0,0,0,0,0,0,0,0,3,0,0,0,0,0,0,0,0,1
CORP,PKG_005,SP_005_021,"1,629","1,642",14,1,1,0,0,1,0,0,0,0,0,0,0,0,0,0,1,0,0,0,0,0,0,0,0,1
CORP,PKG_005,SP_005_022,"1,643","1,652",10,0,0,0,0,0,0,0,1,0,0,0,0,0,0,0,0,0,0,0,0,0,0,1,0,0
CORP,PKG_005,SP_005_023,"1,653","1,667",15,1,0,0,0,0,0,0,0,0,0,0,0,0,0,0,1,0,0,0,0,0,0,0,0,1
CORP,PKG_005,SP_005_024,"1,668","1,687",20,2,1,1,0,1,0,0,0,0,0,0,0,0,0,0,1,0,0,0,0,0,0,0,0,1
CORP,PKG_005,SP_005_025,"1,688","1,757",70,3,2,0,1,0,0,0,0,0,0,0,0,1,0,0,1,0,0,0,0,0,0,0,0,1
CORP,PKG_005,SP_005_026,"1,758","2,171",414,18,2,1,0,2,1,1,1,0,0,28,5,2,4,0,2,0,0,0,0,0,0,2,0,0
CORP,PKG_005,SP_005_027,"2,172","2,250",79,1,0,0,0,0,0,1,1,0,0,2,0,0,0,0,0,0,0,0,0,0,0,2,0,0
CORP,PKG_005,SP_005_028,"2,251","2,279",29,1,1,0,1,0,0,0,0,0,0,0,0,0,0,0,1,0,0,0,0,0,0,0,0,1
CORP,PKG_005,SP_005_029,"2,280","2,381",102,6,0,0,0,1,0,0,3,0,0,2,1,1,2,0,1,0,0,0,0,0,0,3,0,0
CORP,PKG_005,SP_005_030,"2,382","2,452",71,6,6,0,3,0,0,0,0,0,0,0,0,0,0,0,4,0,0,0,0,0,0,0,0,1
CORP,PKG_005,SP_005_031,"2,453","2,460",8,1,0,0,0,0,0,0,0,0,0,0,0,0,0,0,1,0,0,0,0,0,0,0,0,1
CORP,PKG_005,SP_005_032,"2,461","2,480",20,1,0,0,0,0,0,0,0,0,0,0,0,0,0,0,1,0,0,0,0,0,0,0,0,1
CORP,PKG_005,SP_005_033,"2,481","2,495",15,1,0,0,0,0,0,0,0,0,0,0,0,0,0,0,1,0,0,0,0,0,0,0,0,1
CORP,PKG_005,SP_005_034,"2,496","2,525",30,2,2,0,1,0,0,0,0,0,0,0,0,0,0,0,1,0,0,0,0,0,0,0,0,1
CORP,PKG_006,SP_006_001,14,34,21,3,1,0,1,0,0,0,0,0,0,0,0,0,0,0,1,0,0,0,0,0,0,0,0,1
CORP,PKG_006,SP_006_002,35,56,22,4,0,0,2,0,0,0,0,0,0,0,0,0,0,0,1,0,0,0,0,0,0,0,0,1
CORP,PKG_006,SP_006_003,57,85,29,1,0,0,0,0,0,1,0,0,0,2,0,0,0,0,0,0,0,0,0,0,0,1,0,0
CORP,PKG_006,SP_006_004,86,97,12,0,0,0,0,0,0,0,1,0,0,0,0,0,0,0,0,0,0,0,0,0,0,1,0,0
CORP,PKG_006,SP_006_005,98,114,17,2,0,0,0,0,0,0,0,0,0,0,0,0,0,0,1,0,0,0,0,0,0,0,0,1
CORP,PKG_006,SP_006_006,115,146,32,0,0,0,0,0,0,1,1,0,0,0,0,0,0,0,0,0,0,0,0,0,0,2,0,0
CORP,PKG_006,SP_006_007,147,159,13,1,0,0,0,0,0,0,0,0,0,0,0,0,0,0,1,0,0,0,0,0,0,0,0,1
CORP,PKG_007,SP_007_001,3,11,9,1,0,0,0,0,0,0,0,0,0,0,0,0,0,0,1,0,0,0,0,0,0,0,0,1
CORP,PKG_007,SP_007_002,12,40,29,2,0,0,0,0,0,0,0,0,0,0,0,0,0,0,2,0,0,0,0,0,0,0,0,1
CORP,PKG_007,SP_007_003,41,255,215,5,21,2,1,0,1,0,0,0,0,2,0,0,0,0,1,1,0,0,0,0,0,0,0,1
CORP,PKG_007,SP_007_004,256,283,28,2,4,0,0,0,0,0,0,0,0,0,0,0,0,0,1,0,0,0,0,0,0,0,0,1
CORP,PKG_008,SP_008_001,3,29,27,0,0,0,0,0,0,0,0,0,0,0,0,0,0,0,0,0,0,0,0,0,0,0,0,0
CORP,PKG_008,SP_008_002,30,120,91,2,0,0,0,2,0,0,0,0,0,10,0,0,4,0,2,0,0,0,0,0,0,0,0,1
CORP,PKG_008,SP_008_003,121,127,7,1,0,0,0,0,0,0,0,0,0,0,0,0,0,0,0,0,0,0,0,0,0,0,0,1
CORP,PKG_008,SP_008_004,128,272,145,6,0,0,0,2,0,2,1,1,0,10,1,0,10,0,5,0,0,0,0,0,0,4,0,0
CORP,PKG_008,SP_008_005,273,293,21,2,0,0,0,0,0,0,0,0,0,0,0,0,0,0,1,0,0,0,0,0,0,0,0,1
CORP,PKG_008,SP_008_006,294,305,12,1,0,0,0,0,0,0,0,0,0,0,0,0,0,0,1,0,0,0,0,0,0,0,0,1
CORP,PKG_008,SP_008_007,306,313,8,1,0,0,0,0,0,0,0,0,0,0,0,0,0,0,1,0,0,0,0,0,0,0,0,1
CORP,PKG_008,SP_008_008,314,321,8,1,0,0,0,0,0,0,0,0,0,0,0,0,0,0,1,0,0,0,0,0,0,0,0,1
CORP,PKG_008,SP_008_009,322,340,19,1,0,0,0,0,0,0,0,0,0,0,0,0,0,0,1,0,0,0,0,0,0,0,0,1
CORP,PKG_008,SP_008_010,341,356,16,1,0,0,0,0,0,0,0,0,0,0,0,0,0,0,1,0,0,0,0,0,0,0,0,1
CORP,PKG_009,SP_009_001,3,345,343,15,16,4,9,5,0,0,0,0,0,2,0,5,0,0,1,0,0,0,0,0,0,0,0,1
CORP,PKG_009,SP_009_002,346,419,74,2,0,0,0,0,0,0,0,0,0,2,0,0,0,0,0,1,0,0,0,0,0,0,0,1
CORP,PKG_009,SP_009_003,420,816,397,15,24,5,6,3,0,0,0,0,0,42,0,0,0,0,1,0,0,0,0,0,0,0,0,1
CORP,PKG_009,SP_009_004,817,"1,232",416,14,24,5,8,3,0,0,0,0,0,44,0,0,0,0,1,0,0,0,0,0,0,0,0,1
CORP,PKG_009,SP_009_005,"1,233","1,254",22,2,0,1,0,1,0,0,0,0,0,0,0,0,0,0,1,0,0,0,0,0,0,0,0,1
CORP,PKG_009,SP_009_006,"1,255","1,273",19,1,0,1,0,0,0,0,0,0,0,0,0,0,0,0,1,0,0,0,0,0,0,0,0,1
CORP,PKG_009,SP_009_007,"1,274","1,281",8,1,0,0,0,0,0,0,0,0,0,0,0,0,0,0,1,0,0,0,0,0,0,0,0,1
CORP,PKG_009,SP_009_008,"1,282","1,291",10,1,0,0,0,0,0,0,0,0,0,0,0,0,0,0,1,0,0,0,0,0,0,0,0,1
CORP,PKG_009,SP_009_009,"1,292","1,330",39,1,0,0,1,0,0,0,0,0,0,0,0,0,0,0,1,0,0,0,0,0,0,0,0,1
CORP,PKG_009,SP_009_010,"1,331","1,474",144,5,4,2,4,3,0,0,0,0,0,0,0,1,0,0,1,0,0,0,0,0,0,0,0,1
CORP,PKG_009,SP_009_011,"1,475","1,481",7,1,0,0,0,0,0,0,0,0,0,0,0,0,0,0,1,0,0,0,0,0,0,0,0,1
CORP,PKG_009,SP_009_012,"1,482","1,491",10,1,0,0,0,0,0,0,0,0,0,0,0,0,0,0,1,0,0,0,0,0,0,0,0,1
CORP,PKG_009,SP_009_013,"1,492","1,511",20,1,0,0,0,0,0,0,0,0,0,0,0,0,0,0,1,0,0,0,0,0,0,0,0,1
CORP,PKG_009,SP_009_014,"1,512","1,519",8,1,0,0,0,0,0,0,0,0,0,0,0,0,0,0,1,0,0,0,0,0,0,0,0,1
CORP,PKG_009,SP_009_015,"1,520","1,551",32,1,3,0,1,0,0,0,0,0,0,0,0,0,0,0,1,0,0,0,0,0,0,0,0,1
CORP,PKG_009,SP_009_016,"1,552","1,575",24,1,3,0,1,0,0,0,0,0,0,0,0,0,0,0,1,0,0,0,0,0,0,0,0,1
CORP,PKG_009,SP_009_017,"1,576","1,707",132,4,0,0,0,0,0,1,2,0,0,8,2,0,0,0,0,0,0,0,0,0,0,3,0,0
CORP,PKG_009,SP_009_018,"1,708","1,776",69,1,0,0,0,0,0,1,2,0,0,6,2,0,0,0,0,0,0,0,0,0,0,3,0,0
CORP,PKG_009,SP_009_019,"1,777","1,828",52,2,0,0,0,0,0,1,0,0,0,2,0,0,0,0,1,0,0,0,0,0,0,1,0,0
CORP,PKG_009,SP_009_020,"1,829","1,842",14,0,0,0,0,0,0,0,1,0,0,0,0,0,0,0,0,0,0,0,0,0,0,1,0,0
CORP,PKG_009,SP_009_021,"1,843","1,884",42,0,0,0,0,0,0,1,1,0,0,2,2,0,0,0,0,0,0,0,0,0,0,2,0,0
CORP,PKG_009,SP_009_022,"1,885","1,973",89,7,1,0,0,0,0,1,4,1,0,6,3,0,0,0,0,0,0,0,0,0,0,6,0,0
CORP,PKG_009,SP_009_023,"1,974","2,024",51,2,0,0,0,0,0,0,1,0,0,4,0,0,0,0,0,0,0,0,0,0,0,1,0,0
CORP,PKG_009,SP_009_024,"2,025","2,080",56,1,0,0,0,0,0,1,2,0,0,4,2,0,0,0,0,0,0,0,0,0,0,3,0,0
CORP,PKG_009,SP_009_025,"2,081","2,091",11,1,0,0,0,0,0,0,0,0,0,0,0,0,0,0,0,0,0,0,0,0,0,0,0,1
CORP,PKG_009,SP_009_026,"2,092","2,105",14,1,0,0,0,0,0,0,0,0,0,0,0,0,0,0,0,0,0,0,0,0,0,0,0,1
CORP,PKG_009,SP_009_027,"2,106","2,121",16,2,0,0,0,0,0,0,0,0,0,0,0,0,0,0,1,0,0,0,0,0,0,0,0,1
CORP,PKG_009,SP_009_028,"2,122","2,191",70,4,3,0,0,3,0,0,0,0,0,0,0,0,0,0,1,0,0,0,0,0,0,0,0,1
CORP,PKG_009,SP_009_029,"2,192","2,220",29,1,3,0,0,0,0,0,0,0,0,0,0,1,0,0,1,0,0,0,0,0,0,0,0,1
CORP,PKG_009,SP_009_030,"2,221","2,239",19,2,0,0,1,0,0,0,0,0,0,0,0,0,0,0,1,0,0,0,0,0,0,0,0,1
CORP,PKG_009,SP_009_031,"2,240","2,247",8,1,0,0,0,0,0,0,0,0,0,0,0,0,0,0,1,0,0,0,0,0,0,0,0,1
CORP,PKG_009,SP_009_032,"2,248","2,260",13,1,0,0,0,0,0,0,0,0,0,0,0,0,0,0,1,0,0,0,0,0,0,0,0,1
CORP,PKG_009,SP_009_033,"2,261","2,469",209,8,1,0,0,2,0,0,0,0,0,6,4,0,2,0,1,0,0,0,0,0,0,0,0,1
CORP,PKG_009,SP_009_034,"2,470","2,528",59,5,1,0,0,0,0,0,0,0,0,2,0,0,4,0,2,0,0,0,0,0,0,0,0,1
CORP,PKG_009,SP_009_035,"2,529","2,548",20,1,2,0,1,0,0,0,0,0,0,0,0,0,0,0,1,0,0,0,0,0,0,0,0,1
CORP,PKG_009,SP_009_036,"2,549","2,629",81,0,0,0,0,0,0,1,2,0,0,4,3,0,0,0,0,0,0,0,0,0,0,3,0,0
CORP,PKG_009,SP_009_037,"2,630","2,689",60,1,0,0,0,0,0,1,1,0,0,6,1,0,0,0,0,0,0,0,0,0,0,2,0,0
CORP,PKG_009,SP_009_038,"2,690","2,700",11,1,0,0,0,0,0,0,0,0,0,0,0,0,0,0,1,0,0,0,0,0,0,0,0,1
CORP,PKG_009,SP_009_039,"2,701","2,771",71,2,3,0,0,0,0,0,0,0,0,0,0,0,0,0,1,0,0,0,0,0,0,0,0,1
CORP,PKG_009,SP_009_040,"2,772","2,867",96,1,3,0,0,0,0,0,0,0,0,0,0,9,0,0,1,0,0,0,0,0,0,0,0,1
CORP,PKG_009,SP_009_041,"2,868","2,928",61,4,3,2,4,4,0,0,0,0,0,0,0,1,0,0,1,0,0,0,0,0,0,0,0,1
CORP,PKG_009,SP_009_042,"2,929","2,976",48,3,1,0,2,2,0,0,0,0,0,0,0,1,0,0,1,0,0,0,0,0,0,0,0,1
CORP,PKG_009,SP_009_043,"2,977","3,084",108,3,9,0,0,0,2,0,0,0,0,0,0,3,0,0,1,0,0,0,0,0,0,0,0,1
CORP,PKG_009,SP_009_044,"3,085","3,101",17,0,0,0,0,0,0,0,2,0,0,2,0,0,0,0,0,0,0,0,0,0,0,2,0,0
CORP,PKG_009,SP_009_045,"3,102","3,175",74,3,1,0,0,2,0,0,0,0,0,0,0,1,2,0,1,0,0,0,0,0,0,0,0,1
CORP,PKG_009,SP_009_046,"3,176","3,191",16,0,0,0,0,0,0,1,0,0,0,0,0,0,0,0,0,0,0,0,0,0,0,1,0,0
CORP,PKG_009,SP_009_047,"3,192","3,200",9,0,0,0,0,0,0,0,1,0,0,0,0,0,0,0,0,0,0,0,0,0,0,1,0,0
CORP,PKG_009,SP_009_048,"3,201","3,211",11,1,0,0,0,0,0,0,0,0,0,0,0,0,0,0,1,0,0,0,0,0,0,0,0,1
CORP,PKG_009,SP_009_049,"3,212","3,222",11,1,0,0,0,0,0,0,0,0,0,0,0,0,0,0,0,0,0,0,0,0,0,0,0,1
CORP,PKG_009,SP_009_050,"3,223","3,233",11,1,0,0,0,0,0,0,0,0,0,0,0,0,0,0,0,0,0,0,0,0,0,0,0,1
CORP,PKG_009,SP_009_051,"3,234","3,248",15,1,1,0,0,0,0,0,0,0,0,0,0,0,0,0,0,0,0,0,0,0,0,0,0,1
CORP,PKG_009,SP_009_052,"3,249","3,282",34,1,6,1,0,0,0,0,0,0,0,0,0,0,0,0,1,0,0,0,0,0,0,0,0,1
CORP,PKG_009,SP_009_053,"3,283","3,297",15,1,1,0,0,0,0,0,0,0,0,0,0,0,0,0,1,0,0,0,0,0,0,0,0,1
CORP,PKG_009,SP_009_054,"3,298","3,308",11,1,0,0,0,0,0,0,0,0,0,0,0,0,0,0,1,0,0,0,0,0,0,0,0,1
CORP,PKG_009,SP_009_055,"3,309","3,357",49,0,0,0,0,0,0,1,2,0,0,2,2,0,0,0,0,0,0,0,0,0,0,3,0,0
CORP,PKG_009,SP_009_056,"3,358","3,391",34,1,4,0,1,0,0,0,0,0,0,0,0,0,0,0,1,0,0,0,0,0,0,0,0,1
CORP,PKG_009,SP_009_057,"3,392","3,432",41,1,2,0,1,0,0,0,0,0,0,0,0,1,0,0,1,0,0,0,0,0,0,0,0,1
CORP,PKG_009,SP_009_058,"3,433","3,456",24,2,1,0,0,0,0,0,0,0,0,2,0,0,0,0,1,0,0,0,0,0,0,0,0,1
CORP,PKG_009,SP_009_059,"3,457","3,473",17,1,1,0,0,0,0,0,0,0,0,0,0,0,0,0,1,0,0,0,0,0,0,0,0,1
CORP,PKG_009,SP_009_060,"3,474","3,490",17,1,1,0,1,0,0,0,0,0,0,0,0,0,0,0,1,0,0,0,0,0,0,0,0,1
CORP,PKG_009,SP_009_061,"3,491","3,510",20,1,2,0,0,0,0,0,0,0,0,0,0,0,0,0,1,0,0,0,0,0,0,0,0,1
CORP,PKG_009,SP_009_062,"3,511","3,541",31,1,6,1,0,0,0,0,0,0,0,0,0,0,0,0,1,0,0,0,0,0,0,0,0,1
CORP,PKG_009,SP_009_063,"3,542","3,565",24,1,1,0,1,1,0,0,0,0,0,0,0,0,0,0,1,0,0,0,0,0,0,0,0,1
CORP,PKG_009,SP_009_064,"3,566","3,621",56,1,0,0,0,0,0,1,2,0,0,4,2,0,0,0,0,0,0,0,0,0,0,3,0,0
CORP,PKG_009,SP_009_065,"3,622","3,637",16,0,0,0,0,0,0,1,0,0,0,0,0,0,0,0,0,0,0,0,0,0,0,1,0,0
CORP,PKG_009,SP_009_066,"3,638","3,660",23,2,0,0,0,0,0,0,0,0,0,2,0,0,0,0,0,0,0,0,0,0,0,0,0,1
CORP,PKG_009,SP_009_067,"3,661","3,672",12,0,0,0,0,0,0,0,1,0,0,0,0,0,0,0,0,0,0,0,0,0,0,1,0,0
CORP,PKG_009,SP_009_068,"3,673","3,701",29,0,0,0,0,0,0,1,1,0,0,2,1,0,0,0,0,0,0,0,0,0,0,2,0,0
CORP,PKG_009,SP_009_069,"3,702","3,713",12,1,0,0,0,0,0,0,0,0,0,0,0,0,0,0,1,0,0,0,0,0,0,0,0,1
CORP,PKG_009,SP_009_070,"3,714","3,846",133,14,3,0,0,0,0,0,0,0,0,0,0,0,0,0,1,0,0,0,0,0,0,0,0,1
CORP,PKG_009,SP_009_071,"3,847","3,897",51,3,3,0,0,1,0,0,0,0,0,0,0,1,0,0,1,0,0,0,0,0,0,0,0,1
CORP,PKG_009,SP_009_072,"3,898","3,999",102,1,3,0,0,0,0,0,0,0,0,0,0,8,0,0,1,0,0,0,0,0,0,0,0,1
CORP,PKG_009,SP_009_073,"4,000","4,084",85,5,1,0,4,4,0,0,0,0,0,0,0,1,0,0,1,0,0,0,0,0,0,0,0,1
CORP,PKG_009,SP_009_074,"4,085","4,108",24,1,3,0,0,0,0,0,0,0,0,0,0,0,0,0,1,0,0,0,0,0,0,0,0,1
CORP,PKG_009,SP_009_075,"4,109","4,118",10,1,0,0,0,0,0,0,0,0,0,0,0,0,0,0,1,0,0,0,0,0,0,0,0,1
CORP,PKG_009,SP_009_076,"4,119","4,147",29,2,2,0,0,0,0,0,0,0,0,0,0,1,0,0,1,0,0,0,0,0,0,0,0,1
CORP,PKG_009,SP_009_077,"4,148","4,171",24,1,1,0,1,1,0,0,0,0,0,0,0,0,0,0,1,0,0,0,0,0,0,0,0,1
CORP,PKG_009,SP_009_078,"4,172","4,226",55,1,0,0,0,0,0,1,2,0,0,4,2,0,0,0,0,0,0,0,0,0,0,3,0,0
CORP,PKG_009,SP_009_079,"4,227","4,242",16,2,0,0,0,0,0,0,0,0,0,0,0,0,0,0,1,0,0,0,0,0,0,0,0,1
CORP,PKG_009,SP_009_080,"4,243","4,291",49,0,0,0,0,0,0,1,2,0,0,4,0,0,0,0,0,0,0,0,0,1,0,3,0,0
CORP,PKG_009,SP_009_081,"4,292","4,322",31,0,0,0,0,0,0,1,1,0,0,4,0,0,0,0,0,0,0,0,0,0,0,2,0,0
CORP,PKG_009,SP_009_082,"4,323","4,375",53,1,5,0,0,1,0,0,0,0,0,0,0,3,0,0,1,0,0,0,0,0,0,0,0,1
CORP,PKG_009,SP_009_083,"4,376","4,456",81,4,2,0,0,0,0,0,2,0,0,6,1,0,0,0,0,0,0,0,0,0,0,2,0,0
CORP,PKG_009,SP_009_084,"4,457","4,493",37,1,6,0,0,0,0,0,0,0,0,0,0,2,0,0,1,0,0,0,0,0,0,0,0,1
CORP,PKG_009,SP_009_085,"4,494","4,524",31,1,6,0,0,0,0,0,0,0,0,0,0,0,0,0,1,0,0,0,0,0,0,0,0,1
CORP,PKG_009,SP_009_086,"4,525","4,601",77,1,0,0,0,0,0,1,3,0,0,8,2,0,0,0,0,0,0,0,0,0,0,4,0,0
CORP,PKG_009,SP_009_087,"4,602","4,612",11,1,0,0,1,0,0,0,0,0,0,0,0,0,0,0,1,0,0,0,0,0,0,0,0,1
CORP,PKG_009,SP_009_088,"4,613","4,631",19,1,0,0,0,0,0,0,0,0,0,0,0,0,0,0,0,0,0,0,0,0,0,0,0,1
CORP,PKG_009,SP_009_089,"4,632","4,683",52,3,5,0,1,0,0,0,0,0,0,2,1,0,0,0,2,0,0,0,0,0,0,0,0,1
CORP,PKG_009,SP_009_090,"4,684","4,755",72,1,0,0,0,0,0,1,2,0,0,2,1,0,4,0,2,1,0,0,0,1,0,3,0,0
CORP,PKG_009,SP_009_091,"4,756","4,778",23,1,2,0,1,0,0,0,0,0,0,0,0,0,0,0,1,0,0,0,0,0,0,0,0,1
CORP,PKG_009,SP_009_092,"4,779","4,809",31,2,0,0,1,0,0,0,0,0,0,2,0,0,0,0,0,0,0,0,0,0,0,0,0,1
CORP,PKG_009,SP_009_093,"4,810","4,841",32,2,1,0,1,0,0,0,0,0,0,0,0,1,0,0,0,1,0,0,0,0,0,0,0,1
CORP,PKG_009,SP_009_094,"4,842","4,881",40,1,0,0,1,0,0,1,0,0,1,0,0,0,0,0,0,1,0,0,0,0,0,2,0,0
CORP,PKG_009,SP_009_095,"4,882","4,924",43,1,2,0,0,0,0,0,1,0,0,2,0,0,0,0,0,1,0,0,0,1,1,1,0,0
CORP,PKG_009,SP_009_096,"4,925","4,951",27,2,5,1,0,1,0,0,0,0,0,0,0,0,0,0,1,0,0,0,0,0,0,0,0,1
CORP,PKG_009,SP_009_097,"4,952","4,973",22,2,2,0,0,0,0,0,0,0,0,0,0,0,0,0,1,0,0,0,0,0,0,0,0,1
CORP,PKG_009,SP_009_098,"4,974","4,983",10,0,0,0,0,0,0,0,1,0,0,0,0,0,0,0,0,0,0,0,0,0,0,1,0,0
CORP,PKG_009,SP_009_099,"4,984","5,028",45,0,0,0,0,0,0,1,2,0,0,2,2,0,0,0,0,0,0,0,0,0,0,3,0,0
CORP,PKG_009,SP_009_100,"5,029","5,036",8,1,0,0,0,0,0,0,0,0,0,0,0,0,0,0,1,0,0,0,0,0,0,0,0,1
CORP,PKG_009,SP_009_101,"5,037","5,047",11,1,0,0,0,0,0,0,0,0,0,0,0,0,0,0,1,0,0,0,0,0,0,0,0,1
CORP,PKG_009,SP_009_102,"5,048","5,061",14,1,0,0,0,0,0,0,0,0,0,0,0,0,0,0,1,0,0,0,0,0,0,0,0,1
CORP,PKG_010,SP_010_001,13,62,50,1,0,0,0,0,0,1,1,0,0,4,0,0,0,0,0,0,0,0,0,0,0,2,0,0
CORP,PKG_010,SP_010_002,63,74,12,1,0,0,0,0,0,0,0,0,0,0,0,0,0,0,1,0,0,0,0,0,0,0,0,1
CORP,PKG_010,SP_010_003,75,101,27,1,0,0,1,0,0,0,0,0,0,0,0,1,0,0,1,0,0,0,0,0,0,0,0,1
CORP,PKG_010,SP_010_004,102,115,14,1,0,0,1,0,0,0,0,0,0,0,0,0,0,0,1,0,0,0,0,0,0,0,0,1
CORP,PKG_010,SP_010_005,116,122,7,1,0,0,0,0,0,0,0,0,0,0,0,0,0,0,1,0,0,0,0,0,0,0,0,1
CORP,PKG_010,SP_010_006,123,128,6,1,0,0,0,0,0,0,0,0,0,0,0,0,0,0,1,0,0,0,0,0,0,0,0,1
CORP,PKG_010,SP_010_007,129,142,14,1,0,0,0,0,0,0,0,0,0,0,0,0,0,0,0,0,0,0,0,0,0,0,0,1
CORP,PKG_010,SP_010_008,143,213,71,5,6,2,0,0,1,0,0,0,0,0,0,2,0,0,1,0,0,0,0,0,0,0,0,1
CORP,PKG_010,SP_010_009,214,246,33,1,0,0,0,0,0,1,0,0,0,0,0,0,0,0,0,0,0,0,0,0,0,1,0,0
CORP,PKG_010,SP_010_010,247,320,74,5,0,0,0,0,0,0,0,0,0,8,0,0,4,0,2,0,0,0,0,0,0,0,0,1
CORP,PKG_010,SP_010_011,321,337,17,1,1,0,0,0,0,0,0,0,0,0,0,0,0,0,1,0,0,0,0,0,0,0,0,1
CORP,PKG_010,SP_010_012,338,419,82,4,1,0,0,1,0,0,0,0,0,2,0,0,2,0,1,0,0,0,0,0,0,0,0,1
CORP,PKG_010,SP_010_013,420,501,82,4,1,0,0,1,0,0,0,0,0,2,0,0,2,0,1,0,0,0,0,0,0,0,0,1
CORP,PKG_010,SP_010_014,502,584,83,4,1,0,0,1,0,0,0,0,0,2,0,0,2,0,1,0,0,0,0,0,0,0,0,1
CORP,PKG_010,SP_010_015,585,663,79,4,1,0,0,1,0,0,0,0,0,2,0,0,2,0,1,0,0,0,0,0,0,0,0,1
CORP,PKG_010,SP_010_016,664,732,69,3,1,0,0,1,0,0,0,0,0,0,0,0,2,0,1,0,0,0,0,0,0,0,0,1
CORP,PKG_010,SP_010_017,733,826,94,4,1,0,0,2,0,0,0,0,0,0,0,0,4,0,2,0,0,0,0,0,0,0,0,1
CORP,PKG_010,SP_010_018,827,936,110,5,1,0,0,2,0,0,0,0,0,2,0,0,4,0,2,0,0,0,0,0,0,0,0,1
CORP,PKG_010,SP_010_019,937,985,49,2,9,0,0,2,0,0,0,0,0,0,0,0,0,0,1,0,0,0,0,0,0,0,0,1
CORP,PKG_010,SP_010_020,986,"1,054",69,3,0,0,0,1,0,1,0,0,0,2,0,0,2,0,1,0,0,0,0,0,0,1,0,0
CORP,PKG_010,SP_010_021,"1,055","1,069",15,1,3,0,1,0,0,0,0,0,0,0,0,0,0,0,1,0,0,0,0,0,0,0,0,1
CORP,PKG_010,SP_010_022,"1,070","1,118",49,1,8,0,0,1,0,0,0,0,0,0,0,0,0,0,1,0,0,0,0,0,0,0,0,1
CORP,PKG_011,SP_011_001,3,18,16,1,0,0,0,0,0,0,0,0,0,0,0,0,0,0,1,0,0,0,0,0,0,0,0,1
CORP,PKG_011,SP_011_002,19,28,10,1,0,0,0,0,0,0,0,0,0,0,0,0,0,0,1,0,0,0,0,0,0,0,0,1
CORP,PKG_011,SP_011_003,29,97,69,2,4,1,3,1,0,0,0,0,0,0,0,0,0,0,1,0,0,0,0,0,0,0,0,1
CORP,PKG_011,SP_011_004,98,150,53,1,5,1,1,0,0,0,0,0,0,0,0,0,0,0,1,0,0,0,0,0,0,0,0,1
CORP,PKG_011,SP_011_005,151,197,47,1,0,0,0,0,0,0,0,0,0,0,0,0,0,0,1,0,0,0,0,0,0,0,0,1
CORP,PKG_011,SP_011_006,198,206,9,1,0,0,0,0,0,0,0,0,0,0,0,0,0,0,1,0,0,0,0,0,0,0,0,1
CORP,PKG_011,SP_011_007,207,246,40,1,0,0,0,0,0,0,0,0,0,0,0,0,0,0,1,0,0,0,0,0,0,0,0,1
CORP,PKG_011,SP_011_008,247,256,10,1,0,0,0,0,0,0,0,0,0,0,0,0,0,0,1,0,0,0,0,0,0,0,0,1
CORP,PKG_011,SP_011_009,257,268,12,1,0,0,1,0,0,0,0,0,0,0,0,0,0,0,1,0,0,0,0,0,0,0,0,1
CORP,PKG_011,SP_011_010,269,286,18,1,0,0,0,0,0,0,0,0,0,0,0,0,0,0,1,0,0,0,0,0,0,0,0,1
CORP,PKG_011,SP_011_011,287,328,42,0,0,0,0,0,0,1,2,0,0,2,2,0,0,0,0,0,0,0,0,0,0,3,0,0
CORP,PKG_011,SP_011_012,329,337,9,1,0,0,1,0,0,0,0,0,0,0,0,0,0,0,1,0,0,0,0,0,0,0,0,1
CORP,PKG_011,SP_011_013,338,347,10,1,0,0,0,0,0,0,0,0,0,0,0,0,0,0,1,0,0,0,0,0,0,0,0,1
CORP,PKG_011,SP_011_014,348,383,36,0,0,0,0,0,0,1,2,0,0,2,2,0,0,0,0,0,0,0,0,0,0,3,0,0
CORP,PKG_011,SP_011_015,384,405,22,1,0,0,1,0,0,0,0,0,0,0,0,0,0,0,1,0,0,0,0,0,0,0,0,1
CORP,PKG_011,SP_011_016,406,438,33,1,0,0,0,0,0,0,0,0,0,0,0,1,0,0,1,0,0,0,0,0,0,0,0,1
CORP,PKG_011,SP_011_017,439,463,25,1,1,0,1,0,0,0,0,0,0,0,0,0,0,0,1,0,0,0,0,0,0,0,0,1
CORP,PKG_011,SP_011_018,464,651,188,15,1,2,0,0,0,1,3,0,0,14,2,0,0,0,0,0,0,0,0,0,0,4,0,0
CORP,PKG_011,SP_011_019,652,679,28,1,0,0,1,0,0,0,0,0,0,0,0,0,0,0,1,0,0,0,0,0,0,0,0,1
CORP,PKG_011,SP_011_020,680,694,15,1,0,0,0,0,0,0,0,0,0,0,0,0,0,0,1,0,0,0,0,0,0,0,0,1
CORP,PKG_011,SP_011_021,695,707,13,1,0,0,0,0,0,0,0,0,0,0,0,0,0,0,1,0,0,0,0,0,0,0,0,1
CORP,PKG_011,SP_011_022,708,720,13,1,0,0,0,0,0,0,0,0,0,0,0,0,0,0,1,0,0,0,0,0,0,0,0,1
CORP,PKG_011,SP_011_023,721,748,28,1,0,0,0,0,0,0,0,0,0,0,0,0,0,0,1,0,0,0,0,0,0,0,0,1
CORP,PKG_011,SP_011_024,749,768,20,1,0,0,0,0,0,0,0,0,0,0,0,0,0,0,1,0,0,0,0,0,0,0,0,1
CORP,PKG_011,SP_011_025,769,776,8,1,0,0,1,0,0,0,0,0,0,0,0,0,0,0,1,0,0,0,0,0,0,0,0,1
CORP,PKG_011,SP_011_026,777,824,48,1,7,0,1,0,0,0,0,0,0,0,0,0,0,0,1,0,0,0,0,0,0,0,0,1
CORP,PKG_011,SP_011_027,825,841,17,1,0,0,0,0,0,0,0,0,0,0,0,0,0,0,1,0,0,0,0,0,0,0,0,1
CORP,PKG_011,SP_011_028,842,936,95,7,0,0,0,0,0,0,0,0,0,0,0,0,0,0,1,0,0,0,0,0,0,0,0,1
CORP,PKG_011,SP_011_029,937,"1,036",100,9,0,0,0,0,0,0,0,0,0,2,0,0,0,0,1,0,0,0,0,0,0,0,0,1
CORP,PKG_011,SP_011_030,"1,037","1,043",7,1,0,0,0,0,0,0,0,0,0,0,0,0,0,0,1,0,0,0,0,0,0,0,0,1
CORP,PKG_011,SP_011_031,"1,044","1,053",10,1,0,0,0,0,0,0,0,0,0,0,0,0,0,0,1,0,0,0,0,0,0,0,0,1
CORP,PKG_011,SP_011_032,"1,054","1,137",84,3,0,0,0,0,0,1,2,0,0,6,2,0,0,0,0,2,0,0,0,0,0,3,0,0
CORP,PKG_011,SP_011_033,"1,138","1,265",128,8,0,2,0,0,0,1,3,0,0,10,2,0,0,0,0,0,0,0,0,0,0,4,0,0
CORP,PKG_011,SP_011_034,"1,266","1,387",122,8,0,2,0,0,0,1,3,0,0,8,2,0,0,0,0,0,0,0,0,0,0,4,0,0
CORP,PKG_011,SP_011_035,"1,388","1,497",110,4,0,1,0,0,0,1,2,0,0,8,2,0,0,0,0,0,0,0,0,0,0,3,0,0
CORP,PKG_011,SP_011_036,"1,498","1,629",132,10,0,2,0,0,0,1,3,0,0,8,2,0,0,0,0,0,0,0,0,0,0,4,0,0
CORP,PKG_011,SP_011_037,"1,630","1,714",85,1,0,0,0,0,0,1,2,0,0,4,2,0,0,0,0,0,0,0,0,0,0,3,0,0
CORP,PKG_011,SP_011_038,"1,715","1,754",40,0,0,0,0,0,0,1,2,0,0,2,2,0,0,0,0,0,0,0,0,0,0,3,0,0
CORP,PKG_011,SP_011_039,"1,755","1,765",11,2,0,0,0,0,0,0,0,0,0,0,0,0,0,0,1,0,0,0,0,0,0,0,0,1
CORP,PKG_011,SP_011_040,"1,766","1,778",13,1,0,0,0,0,0,0,0,0,0,0,0,0,0,0,1,0,0,0,0,0,0,0,0,1
CORP,PKG_011,SP_011_041,"1,779","1,788",10,1,0,0,0,0,0,0,0,0,0,0,0,0,0,0,1,0,0,0,0,0,0,0,0,1
CORP,PKG_011,SP_011_042,"1,789","1,859",71,2,0,0,0,0,0,1,2,0,0,6,1,0,0,0,0,0,0,0,0,0,0,3,0,0
CORP,PKG_011,SP_011_043,"1,860","1,894",35,1,4,0,1,0,0,0,0,0,0,0,0,0,0,0,1,0,0,0,0,0,0,0,0,1
CORP,PKG_011,SP_011_044,"1,895","1,902",8,1,0,0,1,1,0,0,0,0,0,0,0,0,0,0,1,0,0,0,0,0,0,0,0,1
CORP,PKG_011,SP_011_045,"1,903","1,931",29,1,5,0,0,0,0,0,0,0,0,0,0,0,0,0,1,0,0,0,0,0,0,0,0,1
CORP,PKG_011,SP_011_046,"1,932","1,997",66,2,0,0,0,0,0,1,2,0,0,6,1,0,0,0,0,0,0,0,0,0,0,3,0,0
CORP,PKG_011,SP_011_047,"1,998","2,043",46,0,0,0,0,0,0,1,2,0,0,2,2,0,0,0,0,0,0,0,0,0,0,3,0,0
CORP,PKG_011,SP_011_048,"2,044","2,083",40,1,3,0,0,0,0,0,0,0,0,0,0,1,0,0,1,0,0,0,0,0,0,0,0,1
CORP,PKG_011,SP_011_049,"2,084","2,094",11,1,0,0,0,0,0,0,0,0,0,0,0,0,0,0,1,0,0,0,0,0,0,0,0,1
CORP,PKG_011,SP_011_050,"2,095","2,114",20,1,3,0,0,0,0,0,0,0,0,0,0,0,0,0,1,0,0,0,0,0,0,0,0,1
CORP,PKG_011,SP_011_051,"2,115","2,319",205,1,0,0,0,0,0,0,6,0,0,8,4,2,0,0,0,0,0,0,0,0,0,6,0,0
CORP,PKG_011,SP_011_052,"2,320","2,448",129,1,0,0,0,0,0,1,2,0,0,4,2,0,0,0,0,0,0,0,0,0,0,3,0,0
CORP,PKG_011,SP_011_053,"2,449","2,491",43,0,0,0,0,0,0,1,2,0,0,2,2,0,0,0,0,0,0,0,0,0,0,3,0,0
CORP,PKG_011,SP_011_054,"2,492","2,541",50,1,0,0,0,0,0,1,1,0,0,4,1,0,0,0,0,0,0,0,0,0,0,2,0,0
CORP,PKG_011,SP_011_055,"2,542","2,563",22,1,3,0,1,0,0,0,0,0,0,0,0,0,0,0,1,0,0,0,0,0,0,0,0,1
CORP,PKG_011,SP_011_056,"2,564","2,604",41,1,3,0,1,0,0,0,0,0,0,0,0,1,0,0,1,0,0,0,0,0,0,0,0,1
CORP,PKG_011,SP_011_057,"2,605","2,616",12,1,0,0,0,0,0,0,0,0,0,0,0,0,0,0,1,0,0,0,0,0,0,0,0,1
CORP,PKG_011,SP_011_058,"2,617","2,632",16,1,0,0,1,0,0,0,0,0,0,0,0,0,0,0,1,0,0,0,0,0,0,0,0,1
CORP,PKG_011,SP_011_059,"2,633","2,652",20,1,0,0,0,0,0,0,0,0,0,0,0,1,0,0,1,0,0,0,0,0,0,0,0,1
CORP,PKG_011,SP_011_060,"2,653","2,710",58,0,0,0,0,0,0,1,2,0,0,2,2,0,0,0,0,0,0,0,0,0,0,3,0,0
CORP,PKG_011,SP_011_061,"2,711","2,734",24,1,4,0,0,0,0,0,0,0,0,0,0,0,0,0,1,0,0,0,0,0,0,0,0,1
CORP,PKG_011,SP_011_062,"2,735","2,757",23,1,3,0,0,0,0,0,0,0,0,0,0,0,0,0,1,0,0,0,0,0,0,0,0,1
CORP,PKG_011,SP_011_063,"2,758","2,771",14,2,0,0,0,0,0,0,0,0,0,0,0,0,0,0,0,0,0,0,0,0,0,0,0,1
CORP,PKG_011,SP_011_064,"2,772","2,847",76,2,5,0,1,2,0,0,0,0,0,0,0,2,0,0,1,0,0,0,0,0,0,0,0,1
CORP,PKG_011,SP_011_065,"2,848","2,884",37,1,4,0,0,0,0,0,0,0,0,0,0,0,0,0,1,0,0,0,0,0,0,0,0,1
CORP,PKG_011,SP_011_066,"2,885","2,922",38,3,1,0,0,0,0,0,0,0,0,2,0,0,0,0,1,0,0,0,0,0,0,0,0,1
CORP,PKG_011,SP_011_067,"2,923","3,089",167,4,0,0,0,0,0,2,3,0,0,12,2,0,0,0,0,0,0,0,0,0,0,5,0,0
CORP,PKG_011,SP_011_068,"3,090","3,150",61,5,4,1,3,2,0,0,0,0,0,0,0,0,2,0,1,0,1,0,0,0,0,0,0,1
CORP,PKG_011,SP_011_069,"3,151","3,182",32,0,0,0,0,0,0,0,0,0,0,0,0,0,0,0,0,0,0,0,0,0,0,0,0,0
CORP,PKG_011,SP_011_070,"3,183","3,215",33,3,3,0,1,0,0,0,0,0,0,0,0,0,0,0,1,0,0,0,0,0,0,0,0,1
CORP,PKG_011,SP_011_071,"3,216","3,311",96,3,0,0,0,0,0,1,3,0,0,6,2,0,0,0,0,3,0,0,0,0,0,4,0,0
CORP,PKG_011,SP_011_072,"3,312","3,328",17,1,0,0,1,0,0,0,0,0,0,0,0,0,0,0,1,0,0,0,0,0,0,0,0,1
CORP,PKG_011,SP_011_073,"3,329","3,340",12,1,0,0,0,0,0,0,0,0,0,0,0,0,0,0,1,0,0,0,0,0,0,0,0,1
CORP,PKG_011,SP_011_074,"3,341","3,410",70,1,0,0,0,0,0,1,2,0,0,4,2,0,0,0,0,0,0,0,0,0,0,3,0,0
CORP,PKG_011,SP_011_075,"3,411","3,822",412,19,0,0,7,0,0,10,18,0,0,10,2,0,0,0,0,0,0,0,0,0,0,28,0,0
CORP,PKG_011,SP_011_076,"3,823","3,870",48,0,0,0,0,0,0,1,2,0,0,2,2,0,0,0,0,0,0,0,0,0,0,3,0,0
CORP,PKG_011,SP_011_077,"3,871","3,902",32,0,0,0,0,0,0,1,1,0,0,2,1,0,0,0,0,0,0,0,0,0,0,2,0,0
CORP,PKG_011,SP_011_078,"3,903","3,945",43,2,7,1,1,1,0,0,0,0,0,0,0,0,0,0,1,0,0,0,0,0,0,0,0,1
CORP,PKG_011,SP_011_079,"3,946","3,977",32,5,0,0,0,0,0,0,0,0,0,4,0,0,0,0,0,0,0,0,0,0,0,0,0,1
CORP,PKG_011,SP_011_080,"3,978","4,000",23,2,1,0,1,0,0,0,0,0,0,0,0,0,0,0,1,0,0,0,0,0,0,0,0,1
CORP,PKG_011,SP_011_081,"4,001","4,063",63,5,2,0,1,2,0,0,0,0,0,2,0,0,0,0,1,0,0,0,0,0,0,0,0,1
CORP,PKG_011,SP_011_082,"4,064","4,108",45,1,1,0,0,1,0,1,1,0,0,2,1,0,0,0,0,0,0,0,0,0,0,2,0,0
CORP,PKG_011,SP_011_083,"4,109","4,129",21,1,2,0,0,0,0,0,0,0,0,0,0,0,0,0,1,0,0,0,0,0,0,0,0,1
CORP,PKG_011,SP_011_084,"4,130","4,143",14,1,0,0,0,0,0,0,0,0,0,0,0,0,0,0,1,0,0,0,0,0,0,0,0,1
CORP,PKG_011,SP_011_085,"4,144","4,161",18,1,1,0,0,0,0,0,0,0,0,0,0,0,0,0,1,0,0,0,0,0,0,0,0,1
CORP,PKG_011,SP_011_086,"4,162","4,179",18,2,0,0,1,0,0,0,0,0,0,0,0,0,0,0,1,0,0,0,0,0,0,0,0,1
CORP,PKG_011,SP_011_087,"4,180","4,240",61,5,1,0,0,0,0,0,0,0,0,4,0,0,0,0,1,0,0,0,0,0,0,0,0,1
CORP,PKG_011,SP_011_088,"4,241","4,277",37,1,5,0,0,0,0,0,0,0,0,0,0,0,0,0,1,0,0,0,0,0,0,0,0,1
CORP,PKG_011,SP_011_089,"4,278","4,318",41,0,0,0,0,0,0,1,2,0,0,2,2,0,0,0,0,0,0,0,0,0,0,3,0,0
CORP,PKG_011,SP_011_090,"4,319","4,353",35,1,5,0,0,0,0,0,0,0,0,0,0,1,0,0,1,0,0,0,0,0,0,0,0,1
CORP,PKG_011,SP_011_091,"4,354","4,361",8,1,0,0,0,0,0,0,0,0,0,0,0,0,0,0,1,0,0,0,0,0,0,0,0,1
CORP,PKG_011,SP_011_092,"4,362","4,411",50,0,0,0,0,0,0,1,2,0,0,2,2,0,0,0,0,0,0,0,0,0,0,3,0,0
CORP,PKG_011,SP_011_093,"4,412","4,425",14,1,1,0,0,0,0,0,0,0,0,0,0,0,0,0,1,0,0,0,0,0,0,0,0,1
CORP,PKG_011,SP_011_094,"4,426","4,466",41,0,0,0,0,0,0,1,2,0,0,2,2,0,0,0,0,0,0,0,0,0,0,3,0,0
CORP,PKG_011,SP_011_095,"4,467","4,486",20,1,2,0,0,0,0,0,0,0,0,0,0,0,0,0,1,0,0,0,0,0,0,0,0,1
CORP,PKG_011,SP_011_096,"4,487","4,536",50,0,0,0,0,0,0,1,2,0,0,2,2,0,0,0,0,0,0,0,0,0,0,3,0,0
CORP,PKG_011,SP_011_097,"4,537","4,630",94,2,10,0,0,0,0,0,0,0,0,0,0,0,0,0,1,0,0,0,0,0,0,0,0,1
CORP,PKG_011,SP_011_098,"4,631","4,649",19,1,2,0,0,0,0,0,0,0,0,0,0,0,0,0,1,0,0,0,0,0,0,0,0,1
CORP,PKG_011,SP_011_099,"4,650","4,705",56,0,0,0,0,0,0,1,2,0,0,2,2,0,0,0,0,0,0,0,0,0,0,3,0,0
CORP,PKG_011,SP_011_100,"4,706","4,731",26,3,1,0,0,0,0,0,0,0,0,2,0,0,0,0,1,0,0,0,0,0,0,0,0,1
CORP,PKG_011,SP_011_101,"4,732","4,773",42,1,4,0,0,0,0,0,0,0,0,0,0,0,0,0,1,0,0,0,0,0,0,0,0,1
CORP,PKG_011,SP_011_102,"4,774","4,813",40,1,4,0,0,0,0,0,0,0,0,0,0,0,0,0,1,0,0,0,0,0,0,0,0,1
CORP,PKG_011,SP_011_103,"4,814","4,976",163,4,0,0,0,1,0,1,4,0,0,10,4,0,2,0,1,0,0,0,0,0,0,5,0,0
CORP,PKG_011,SP_011_104,"4,977","5,001",25,1,3,0,1,0,0,0,0,0,0,0,0,0,0,0,1,0,0,0,0,0,0,0,0,1
CORP,PKG_011,SP_011_105,"5,002","5,067",66,1,0,0,0,0,0,1,2,0,0,4,2,0,0,0,0,0,0,0,0,0,0,3,0,0
CORP,PKG_011,SP_011_106,"5,068","5,095",28,1,3,0,0,0,0,0,0,0,0,0,0,0,0,0,1,0,0,0,0,0,0,0,0,1
CORP,PKG_011,SP_011_107,"5,096","5,140",45,1,9,0,1,0,0,0,0,0,0,0,0,0,0,0,1,0,0,0,0,0,0,0,0,1
CORP,PKG_011,SP_011_108,"5,141","5,210",70,1,0,0,0,0,0,1,2,0,0,4,2,0,0,0,0,0,0,0,0,0,0,3,0,0
CORP,PKG_011,SP_011_109,"5,211","5,248",38,1,6,0,0,0,0,0,0,0,0,0,0,0,0,0,1,0,0,0,0,0,0,0,0,1
CORP,PKG_011,SP_011_110,"5,249","5,266",18,1,2,0,0,0,0,0,0,0,0,0,0,0,0,0,1,0,0,0,0,0,0,0,0,1
CORP,PKG_011,SP_011_111,"5,267","5,301",35,1,4,0,0,0,0,0,0,0,0,0,0,0,0,0,1,0,0,0,0,0,0,0,0,1
CORP,PKG_011,SP_011_112,"5,302","5,332",31,3,0,0,0,0,0,0,0,0,0,2,1,0,0,0,2,0,0,0,0,0,0,0,0,1
CORP,PKG_011,SP_011_113,"5,333","5,340",8,1,0,0,0,0,0,0,0,0,0,0,0,0,0,0,1,0,0,0,0,0,0,0,0,1
CORP,PKG_011,SP_011_114,"5,341","5,369",29,0,0,0,0,0,0,1,1,0,0,2,1,0,0,0,0,0,0,0,0,0,0,2,0,0
CORP,PKG_011,SP_011_115,"5,370","5,383",14,1,0,0,0,0,0,0,0,0,0,0,0,0,0,0,1,0,0,0,0,0,0,0,0,1
CORP,PKG_011,SP_011_116,"5,384","5,402",19,1,0,0,1,0,0,0,0,0,0,0,0,0,0,0,1,0,0,0,0,0,0,0,0,1
CORP,PKG_011,SP_011_117,"5,403","5,422",20,1,2,0,0,0,0,0,0,0,0,0,0,0,0,0,1,0,0,0,0,0,0,0,0,1
CORP,PKG_011,SP_011_118,"5,423","5,490",68,1,0,0,0,0,0,1,3,0,0,4,3,0,0,0,0,0,0,0,0,0,0,4,0,0
CORP,PKG_011,SP_011_119,"5,491","5,516",26,1,2,0,0,0,0,0,0,0,0,0,0,0,0,0,1,0,0,0,0,0,0,0,0,1
CORP,PKG_011,SP_011_120,"5,517","5,542",26,1,2,0,0,0,0,0,0,0,0,0,0,0,0,0,1,0,0,0,0,0,0,0,0,1
CORP,PKG_011,SP_011_121,"5,543","5,555",13,1,0,0,0,0,0,0,0,0,0,0,0,0,0,0,1,0,0,0,0,0,0,0,0,1
CORP,PKG_011,SP_011_122,"5,556","5,576",21,1,2,0,1,0,0,0,0,0,0,0,0,0,0,0,1,0,0,0,0,0,0,0,0,1
CORP,PKG_011,SP_011_123,"5,577","5,584",8,1,0,0,0,0,0,0,0,0,0,0,0,0,0,0,1,0,0,0,0,0,0,0,0,1
CORP,PKG_011,SP_011_124,"5,585","5,594",10,1,0,0,0,0,0,0,0,0,0,0,0,0,0,0,1,0,0,0,0,0,0,0,0,1
CORP,PKG_011,SP_011_125,"5,595","5,613",19,1,0,0,0,0,0,0,0,0,0,0,0,0,0,0,0,1,0,0,0,0,0,0,0,1
CORP,PKG_011,SP_011_126,"5,614","5,667",54,1,0,0,0,0,0,1,2,0,0,4,2,0,0,0,0,0,0,0,0,0,0,3,0,0
CORP,PKG_011,SP_011_127,"5,668","5,701",34,1,0,0,0,0,0,1,0,0,0,2,0,0,0,0,0,0,0,0,0,0,0,1,0,0
CORP,PKG_011,SP_011_128,"5,702","5,792",91,3,7,0,0,2,0,0,0,1,0,2,0,0,2,0,1,0,0,0,0,0,0,1,0,0
CORP,PKG_011,SP_011_129,"5,793","5,816",24,1,0,0,0,0,0,0,2,0,0,2,0,0,0,0,0,0,0,0,0,0,0,2,0,0
CORP,PKG_011,SP_011_130,"5,817","5,836",20,1,0,0,0,0,0,0,1,1,0,0,0,0,0,0,0,0,0,0,0,0,0,2,0,0
CORP,PKG_011,SP_011_131,"5,837","5,901",65,2,12,0,0,2,0,0,0,0,0,2,0,0,0,0,2,0,0,0,0,0,0,0,0,1
CORP,PKG_011,SP_011_132,"5,902","5,915",14,1,0,0,0,0,0,0,0,0,0,0,0,0,0,0,1,0,0,0,0,0,0,0,0,1
CORP,PKG_011,SP_011_133,"5,916","5,924",9,1,0,0,0,0,0,0,0,0,0,0,0,0,0,0,1,0,0,0,0,0,0,0,0,1
CORP,PKG_011,SP_011_134,"5,925","5,933",9,1,0,0,0,0,0,0,0,0,0,0,0,0,0,0,1,0,0,0,0,0,0,0,0,1
CORP,PKG_011,SP_011_135,"5,934","5,954",21,2,0,0,0,0,0,0,0,0,0,0,0,0,0,0,1,0,0,0,0,0,0,0,0,1
CORP,PKG_011,SP_011_136,"5,955","6,085",131,1,3,0,0,0,0,1,3,0,0,2,3,1,2,0,1,0,0,0,0,0,0,4,0,0
CORP,PKG_011,SP_011_137,"6,086","6,125",40,2,6,1,0,0,0,0,0,0,0,0,0,0,0,0,1,0,0,0,0,0,0,0,0,1
CORP,PKG_011,SP_011_138,"6,126","6,144",19,2,0,1,1,0,0,0,0,0,0,0,0,0,0,0,1,0,0,0,0,0,0,0,0,1
CORP,PKG_011,SP_011_139,"6,145","6,162",18,1,2,0,0,0,0,0,0,0,0,0,0,0,0,0,0,0,0,0,0,0,0,0,0,1
CORP,PKG_011,SP_011_140,"6,163","6,181",19,0,0,0,0,0,0,1,0,0,0,0,0,0,0,0,0,0,0,0,0,0,0,1,0,0
CORP,PKG_011,SP_011_141,"6,182","6,215",34,2,5,1,0,0,0,0,0,0,0,0,0,0,0,0,1,0,0,0,0,0,0,0,0,1
CORP,PKG_011,SP_011_142,"6,216","6,254",39,0,0,0,0,0,0,1,1,0,0,4,2,0,0,0,0,0,0,0,0,0,0,2,0,0
CORP,PKG_011,SP_011_143,"6,255","6,375",121,5,0,0,1,0,0,1,6,1,0,6,5,0,0,0,0,0,0,0,0,0,0,8,0,0
CORP,PKG_011,SP_011_144,"6,376","6,428",53,1,9,0,0,0,0,0,0,0,0,0,0,0,0,0,1,0,0,0,0,0,0,0,0,1
CORP,PKG_011,SP_011_145,"6,429","6,499",71,9,0,0,1,0,0,0,0,0,0,2,4,0,0,0,1,1,0,0,0,0,0,0,0,1
CORP,PKG_011,SP_011_146,"6,500","6,558",59,7,2,0,1,0,0,0,0,0,0,6,0,0,0,0,1,0,0,0,0,0,0,0,0,1
CORP,PKG_011,SP_011_147,"6,559","6,722",164,6,6,0,0,3,0,0,0,0,0,6,0,0,6,0,3,0,0,0,0,0,0,0,0,1
CORP,PKG_011,SP_011_148,"6,723","6,833",111,0,0,0,0,0,0,0,0,0,0,2,4,0,0,0,0,0,0,0,0,0,0,0,0,0
CORP,PKG_011,SP_011_149,"6,834","6,877",44,6,1,0,1,0,0,0,0,0,0,0,0,0,0,0,1,0,0,0,0,0,0,0,0,1
CORP,PKG_011,SP_011_150,"6,878","6,961",84,1,10,0,0,0,0,0,0,0,0,0,0,0,0,0,1,0,0,0,0,0,0,0,0,1
CORP,PKG_011,SP_011_151,"6,962","6,974",13,1,0,0,0,1,0,0,0,0,0,0,0,0,0,0,1,0,0,0,0,0,0,0,0,1
CORP,PKG_011,SP_011_152,"6,975","7,003",29,0,0,0,0,0,0,1,1,0,0,2,1,0,0,0,0,0,0,0,0,0,0,2,0,0
CORP,PKG_011,SP_011_153,"7,004","7,044",41,1,3,0,0,0,0,0,0,0,0,0,0,0,0,0,1,0,0,0,0,0,0,0,0,1
CORP,PKG_011,SP_011_154,"7,045","7,109",65,0,0,0,0,0,0,1,3,0,0,2,3,0,0,0,0,0,0,0,0,0,0,4,0,0
CORP,PKG_011,SP_011_155,"7,110","7,129",20,2,1,0,0,1,0,0,0,0,0,0,0,0,0,0,1,0,0,0,0,0,0,0,0,1
CORP,PKG_011,SP_011_156,"7,130","7,207",78,2,7,2,3,2,0,0,0,0,0,0,0,0,0,0,1,0,0,0,0,0,0,0,0,1
CORP,PKG_011,SP_011_157,"7,208","7,226",19,1,1,0,0,0,0,0,0,0,0,0,0,0,0,0,1,0,0,0,0,0,0,0,0,1
CORP,PKG_011,SP_011_158,"7,227","7,254",28,1,0,0,0,0,0,0,0,0,0,0,0,0,0,0,1,0,0,0,0,0,0,0,0,1
CORP,PKG_011,SP_011_159,"7,255","7,275",21,2,2,0,0,0,0,0,0,0,0,0,0,0,0,0,1,0,0,0,0,0,0,0,0,1
CORP,PKG_011,SP_011_160,"7,276","7,301",26,2,2,0,0,0,0,0,0,0,0,0,0,0,0,0,1,0,0,0,0,0,0,0,0,1
CORP,PKG_011,SP_011_161,"7,302","7,317",16,1,0,0,0,0,0,0,0,0,0,0,0,0,0,0,1,0,0,0,0,0,0,0,0,1
CORP,PKG_011,SP_011_162,"7,318","7,352",35,1,4,0,1,0,0,0,0,0,0,0,0,0,0,0,1,0,0,0,0,0,0,0,0,1
CORP,PKG_011,SP_011_163,"7,353","7,453",101,2,0,0,0,0,0,1,2,0,0,6,2,0,0,0,0,0,0,0,0,0,0,3,0,0
CORP,PKG_012,SP_012_001,3,13,11,1,0,0,0,0,0,0,0,0,0,0,0,0,0,0,1,0,0,0,0,0,0,0,0,1
CORP,PKG_012,SP_012_002,14,24,11,1,0,0,0,0,0,0,0,0,0,0,0,0,0,0,1,0,0,0,0,0,0,0,0,1
CORP,PKG_012,SP_012_003,25,32,8,1,0,0,0,0,0,0,0,0,0,0,0,0,0,0,1,0,0,0,0,0,0,0,0,1
CORP,PKG_012,SP_012_004,33,47,15,1,0,0,0,0,0,0,0,0,0,0,0,0,0,0,1,0,0,0,0,0,0,0,0,1
CORP,PKG_012,SP_012_005,48,55,8,1,0,0,0,0,0,0,0,0,0,0,0,0,0,0,1,0,0,0,0,0,0,0,0,1
CORP,PKG_012,SP_012_006,56,66,11,0,0,0,0,0,0,0,1,0,0,0,0,0,0,0,0,0,0,0,0,0,0,1,0,0
CORP,PKG_012,SP_012_007,67,118,52,3,2,0,1,1,0,0,0,0,0,0,0,1,0,0,1,0,0,0,0,0,0,0,0,1
CORP,PKG_012,SP_012_008,119,187,69,4,6,0,1,0,0,0,0,0,0,0,0,0,0,0,1,0,0,0,0,0,0,0,0,1
CORP,PKG_012,SP_012_009,188,220,33,3,1,0,1,1,0,0,0,0,0,1,0,0,0,0,1,0,0,0,0,0,0,0,0,1
CORP,PKG_012,SP_012_010,221,230,10,1,0,0,0,0,0,0,0,0,0,0,0,0,0,0,1,0,0,0,0,0,0,0,0,1
CORP,PKG_012,SP_012_011,231,296,66,8,3,1,0,0,0,0,0,0,0,0,0,1,0,0,1,0,0,0,0,0,0,0,0,1
CORP,PKG_012,SP_012_012,297,306,10,1,0,0,1,0,0,0,0,0,0,0,0,0,0,0,1,0,0,0,0,0,0,0,0,1
CORP,PKG_012,SP_012_013,307,327,21,1,0,0,1,0,0,0,0,0,0,0,0,0,0,0,1,0,0,0,0,0,0,0,0,1
CORP,PKG_012,SP_012_014,328,346,19,1,0,0,0,0,0,0,0,0,0,0,0,0,0,0,1,0,0,0,0,0,0,0,0,1
CORP,PKG_012,SP_012_015,347,358,12,1,0,0,0,0,0,0,0,0,0,0,0,0,0,0,1,0,0,0,0,0,0,0,0,1
CORP,PKG_012,SP_012_016,359,381,23,1,0,0,0,0,0,0,0,0,0,0,0,0,0,0,1,0,0,0,0,0,0,0,0,1
CORP,PKG_012,SP_012_017,382,560,179,7,0,0,0,0,0,1,8,0,0,10,2,1,0,0,0,2,0,0,0,0,0,9,0,0
CORP,PKG_012,SP_012_018,561,585,25,0,0,0,0,0,0,0,1,0,0,0,0,0,0,0,0,0,0,0,0,0,0,1,0,0
CORP,PKG_012,SP_012_019,586,623,38,0,0,0,0,0,0,1,2,0,0,2,2,0,0,0,0,0,0,0,0,0,0,3,0,0
CORP,PKG_012,SP_012_020,624,662,39,0,0,0,0,0,0,1,2,0,0,2,2,0,0,0,0,0,0,0,0,0,0,3,0,0
CORP,PKG_012,SP_012_021,663,703,41,0,0,0,0,0,0,1,2,0,0,2,2,0,0,0,0,0,0,0,0,0,0,3,0,0
CORP,PKG_012,SP_012_022,704,744,41,0,0,0,0,0,0,1,2,0,0,2,2,0,0,0,0,0,0,0,0,0,0,3,0,0
CORP,PKG_012,SP_012_023,745,792,48,0,0,0,0,0,0,1,2,0,0,2,2,0,0,0,0,0,0,0,0,0,0,3,0,0
CORP,PKG_012,SP_012_024,793,855,63,0,0,0,0,0,0,1,4,0,0,2,4,0,0,0,0,0,0,0,0,0,0,5,0,0
CORP,PKG_012,SP_012_025,856,866,11,0,0,0,0,0,0,0,1,0,0,0,0,0,0,0,0,0,0,0,0,0,0,1,0,0
CORP,PKG_012,SP_012_026,867,875,9,0,0,0,0,0,0,0,1,0,0,0,0,0,0,0,0,0,0,0,0,0,0,1,0,0
CORP,PKG_012,SP_012_027,876,885,10,1,0,0,0,0,0,0,0,0,0,0,0,0,0,0,1,0,0,0,0,0,0,0,0,1
CORP,PKG_012,SP_012_028,886,908,23,1,0,0,1,0,0,0,0,0,0,0,0,1,0,0,1,0,0,0,0,0,0,0,0,1
CORP,PKG_012,SP_012_029,909,947,39,1,0,0,0,0,0,1,0,0,0,0,0,0,0,0,0,1,0,0,0,0,1,1,0,0
CORP,PKG_012,SP_012_030,948,988,41,1,0,0,0,0,0,0,1,0,1,0,0,0,0,0,0,1,0,0,0,0,1,2,0,0
CORP,PKG_012,SP_012_031,989,"1,071",83,1,0,0,0,0,0,1,1,0,1,0,0,0,0,0,0,1,0,0,0,1,1,3,0,0
CORP,PKG_012,SP_012_032,"1,072","1,094",23,1,0,0,0,0,0,0,0,0,0,0,0,0,0,0,1,0,0,0,0,0,0,0,0,1
CORP,PKG_012,SP_012_033,"1,095","1,135",41,0,0,0,0,0,0,0,2,0,0,2,0,0,0,0,0,1,0,0,0,1,1,2,0,0
CORP,PKG_012,SP_012_034,"1,136","1,161",26,1,0,0,0,0,0,0,1,0,0,2,0,0,0,0,0,0,0,0,0,0,0,1,0,0
CORP,PKG_012,SP_012_035,"1,162","1,176",15,1,0,0,0,0,0,0,0,0,0,0,0,0,0,0,1,0,0,0,0,0,0,0,0,1
CORP,PKG_012,SP_012_036,"1,177","1,203",27,1,1,0,0,1,0,0,0,0,0,0,0,0,0,0,1,0,0,0,0,0,0,0,0,1
CORP,PKG_012,SP_012_037,"1,204","1,214",11,1,0,0,0,1,0,0,0,0,0,0,0,0,0,0,1,0,0,0,0,0,0,0,0,1
CORP,PKG_012,SP_012_038,"1,215","1,248",34,3,4,1,1,0,0,0,0,0,0,0,0,0,0,0,1,0,0,0,0,0,0,0,0,1
CORP,PKG_012,SP_012_039,"1,249","1,270",22,3,0,0,0,0,0,0,1,0,0,0,0,0,0,0,0,0,0,0,0,0,0,1,0,0
CORP,PKG_012,SP_012_040,"1,271","1,309",39,2,1,0,1,0,0,0,0,0,0,0,0,0,2,0,2,0,0,0,0,0,0,0,0,1
CORP,PKG_012,SP_012_041,"1,310","1,371",62,5,0,0,0,0,0,0,0,0,0,2,0,0,4,0,2,0,0,0,0,0,0,0,0,1
CORP,PKG_012,SP_012_042,"1,372","1,446",75,0,0,0,0,0,0,1,2,0,0,4,3,0,0,0,0,0,0,0,0,0,0,3,0,0
CORP,PKG_012,SP_012_043,"1,447","1,655",209,9,1,0,0,2,0,0,0,0,0,6,4,1,2,0,1,0,0,0,0,0,0,0,0,1
CORP,PKG_012,SP_012_044,"1,656","1,744",89,5,0,0,0,1,0,2,0,0,0,0,0,0,2,0,1,0,0,0,0,0,0,2,0,0
CORP,PKG_012,SP_012_045,"1,745","1,819",75,4,0,0,0,0,0,2,0,0,0,0,0,0,4,0,2,0,0,0,0,0,0,2,0,0
CORP,PKG_012,SP_012_046,"1,820","1,877",58,2,0,0,0,0,0,1,2,0,0,2,1,0,2,0,1,0,0,0,0,0,0,3,0,0
CORP,PKG_012,SP_012_047,"1,878","1,906",29,0,0,0,0,0,0,2,0,0,0,1,0,0,0,0,0,0,0,0,0,0,0,2,0,0
CORP,PKG_012,SP_012_048,"1,907","1,960",54,2,0,0,0,0,0,1,0,0,0,0,0,0,2,0,1,0,0,0,0,0,0,1,0,0
CORP,PKG_012,SP_012_049,"1,961","1,997",37,2,0,0,0,0,0,1,0,0,0,0,0,0,2,0,1,0,0,0,0,0,0,1,0,0
CORP,PKG_012,SP_012_050,"1,998","2,037",40,2,0,0,0,0,0,1,0,0,0,0,0,0,2,0,1,0,0,0,0,0,0,1,0,0
CORP,PKG_012,SP_012_051,"2,038","2,089",52,1,0,0,0,0,0,1,1,0,0,2,2,0,0,0,0,0,0,0,0,0,0,2,0,0
CORP,PKG_012,SP_012_052,"2,090","2,115",26,2,2,0,0,0,0,0,0,0,0,0,0,0,0,0,1,0,0,0,0,0,0,0,0,1
CORP,PKG_012,SP_012_053,"2,116","2,147",32,1,2,0,0,0,0,0,0,0,0,0,0,0,0,0,1,0,0,0,0,0,0,0,0,1
CORP,PKG_012,SP_012_054,"2,148","2,202",55,2,0,0,0,0,0,1,2,0,0,2,1,0,2,0,1,0,0,0,0,0,0,3,0,0
CORP,PKG_012,SP_012_055,"2,203","2,337",135,11,1,0,0,2,0,0,0,0,0,4,1,0,4,0,2,0,0,0,0,0,0,0,0,1
CORP,PKG_012,SP_012_056,"2,338","2,372",35,4,2,0,0,2,0,0,0,0,0,2,0,0,0,0,0,0,0,0,0,0,0,0,0,1
CORP,PKG_012,SP_012_057,"2,373","2,386",14,1,0,0,0,0,0,0,0,0,0,0,0,0,0,0,0,0,0,0,0,0,0,0,0,1
CORP,PKG_012,SP_012_058,"2,387","2,399",13,1,0,0,0,0,0,0,0,0,0,0,0,0,0,0,0,0,0,0,0,0,0,0,0,1
CORP,PKG_012,SP_012_059,"2,400","2,420",21,1,4,0,0,0,0,0,0,0,0,0,0,0,0,0,1,0,0,0,0,0,0,0,0,1
CORP,PKG_012,SP_012_060,"2,421","2,512",92,3,3,0,0,0,0,2,2,0,0,4,0,0,0,0,0,2,0,0,0,0,0,4,0,0
CORP,PKG_012,SP_012_061,"2,513","2,556",44,1,0,0,0,0,0,1,1,0,0,2,0,0,0,0,0,1,0,0,0,0,0,2,0,0
CORP,PKG_012,SP_012_062,"2,557","2,579",23,1,4,0,0,0,0,0,0,0,0,0,0,0,0,0,1,0,0,0,0,0,0,0,0,1
CORP,PKG_012,SP_012_063,"2,580","2,643",64,2,5,0,0,2,0,0,0,0,0,0,0,0,2,0,1,0,0,0,0,0,0,0,0,1
CORP,PKG_012,SP_012_064,"2,644","2,706",63,2,5,0,0,2,0,0,0,0,0,0,0,0,2,0,1,0,0,0,0,0,0,0,0,1
CORP,PKG_012,SP_012_065,"2,707","2,822",116,5,8,0,0,1,0,1,3,0,0,10,3,0,0,0,0,0,0,0,0,0,0,4,0,0
CORP,PKG_013,SP_013_001,3,12,10,1,0,0,0,0,0,0,0,0,0,0,0,0,0,0,1,0,0,0,0,0,0,0,0,1
CORP,PKG_013,SP_013_002,13,176,164,7,0,0,1,1,0,3,3,2,0,12,0,0,2,0,1,0,0,0,0,0,0,8,0,0
CORP,PKG_013,SP_013_003,177,186,10,1,0,0,0,0,0,0,0,0,0,0,0,0,0,0,1,0,0,0,0,0,0,0,0,1
CORP,PKG_013,SP_013_004,187,274,88,6,0,0,3,0,0,2,1,2,0,8,1,0,0,0,0,0,0,0,0,2,0,5,0,0
CORP,PKG_014,SP_014_001,3,24,22,1,0,0,0,0,0,0,0,0,0,0,0,0,0,0,1,0,0,0,0,0,0,0,0,1
CORP,PKG_014,SP_014_002,25,74,50,2,0,0,2,0,0,0,0,0,0,2,0,0,0,0,2,0,0,0,0,0,0,0,0,1
CORP,PKG_014,SP_014_003,75,199,125,7,0,0,2,0,0,1,0,0,0,10,0,0,2,0,2,0,0,1,0,0,0,1,1,0
CORP,PKG_014,SP_014_004,200,305,106,6,0,0,2,0,0,1,0,0,0,2,0,0,2,0,2,0,0,1,0,0,0,1,1,0
CORP,PKG_014,SP_014_005,306,374,69,2,0,0,0,1,0,2,1,0,0,4,1,0,2,0,1,0,0,0,0,1,0,3,0,0
CORP,PKG_014,SP_014_006,375,388,14,1,0,0,0,1,0,0,0,0,0,0,0,0,0,0,1,0,0,0,0,0,0,0,0,1
CORP,PKG_014,SP_014_007,389,454,66,3,11,0,2,2,0,0,0,0,0,2,0,0,0,0,2,0,0,0,0,0,0,0,0,1
CORP,PKG_014,SP_014_008,455,516,62,5,5,2,0,0,2,0,0,0,0,0,0,2,0,0,2,0,0,0,0,0,0,0,0,1
CORP,PKG_014,SP_014_009,517,555,39,3,5,3,0,0,1,0,0,0,0,0,0,0,0,0,1,0,0,0,0,0,0,0,0,1
CORP,PKG_014,SP_014_010,556,585,30,1,3,1,0,0,0,0,0,0,0,0,0,0,0,0,1,0,0,0,0,0,0,0,0,1
CORP,PKG_014,SP_014_011,586,662,77,2,5,1,1,1,0,0,0,0,0,0,0,1,0,0,1,0,0,0,0,0,0,0,0,1
CORP,PKG_015,SP_015_001,3,24,22,2,0,0,0,0,0,0,0,0,0,2,1,0,0,0,1,0,0,0,0,0,0,0,0,1
CORP,PKG_015,SP_015_002,25,49,25,2,0,0,0,1,0,0,0,0,0,0,0,0,0,0,1,0,0,0,0,0,0,0,0,1
CORP,PKG_015,SP_015_003,50,79,30,2,1,0,3,1,0,0,0,0,0,0,0,0,0,0,1,0,0,0,0,0,0,0,0,1
CORP,PKG_015,SP_015_004,80,91,12,1,0,0,0,0,0,0,0,0,0,0,0,0,0,0,1,0,0,0,0,0,0,0,0,1
CORP,PKG_015,SP_015_005,92,101,10,1,0,0,0,0,0,0,0,0,0,0,0,0,0,0,0,0,0,0,0,0,0,0,0,1
CORP,PKG_015,SP_015_006,102,110,9,0,0,0,0,0,0,0,0,0,0,0,0,0,0,0,0,0,0,0,0,0,0,0,0,0
CORP,PKG_015,SP_015_007,111,119,9,1,0,0,0,0,0,0,0,0,0,0,0,0,0,0,1,0,0,0,0,0,0,0,0,1
CORP,PKG_015,SP_015_008,120,142,23,1,4,0,1,1,0,0,0,0,0,0,0,0,0,0,1,0,0,0,0,0,0,0,0,1
CORP,PKG_015,SP_015_009,143,201,59,1,0,0,0,1,0,1,3,0,0,2,1,0,0,0,0,0,0,0,0,0,0,4,0,0
CORP,PKG_015,SP_015_010,202,234,33,0,0,0,0,0,0,1,2,0,0,2,1,0,0,0,0,0,0,0,0,0,0,3,0,0
CORP,PKG_015,SP_015_011,235,267,33,2,10,0,0,0,0,0,0,0,0,0,0,8,0,0,1,0,0,0,0,0,0,0,0,1
CORP,PKG_016,SP_016_001,3,13,11,1,1,0,0,0,0,0,0,0,0,0,0,0,0,0,1,0,0,0,0,0,0,0,0,1
CORP,PKG_016,SP_016_002,14,27,14,1,1,0,0,0,0,0,0,0,0,0,0,0,0,0,1,0,0,0,0,0,0,0,0,1
CORP,PKG_016,SP_016_003,28,57,30,2,2,0,0,0,0,0,0,0,0,0,0,0,0,0,1,0,0,0,0,0,0,0,0,1
CORP,PKG_016,SP_016_004,58,87,30,2,2,0,0,0,0,0,0,0,0,0,0,0,0,0,1,0,0,0,0,0,0,0,0,1
CORP,PKG_016,SP_016_005,88,104,17,1,2,0,0,0,0,0,0,0,0,0,0,0,0,0,1,0,0,0,0,0,0,0,0,1
CORP,PKG_016,SP_016_006,105,194,90,0,0,0,0,0,0,1,1,1,0,8,0,0,0,0,0,0,0,0,0,0,0,3,0,0
CORP,PKG_017,SP_017_001,12,45,34,1,1,0,0,0,0,0,1,0,0,0,0,0,2,0,1,0,0,0,0,1,0,1,0,0
CORP,PKG_017,SP_017_002,46,69,24,0,0,0,0,0,0,0,1,0,0,0,0,0,2,0,1,0,0,0,0,1,0,1,0,0
CORP,PKG_017,SP_017_003,70,121,52,3,5,1,2,1,0,0,0,0,0,0,0,1,0,0,1,0,0,0,0,0,0,0,0,1
CORP,PKG_017,SP_017_004,122,144,23,1,0,0,0,0,0,0,0,0,0,0,0,0,0,0,0,1,0,0,0,0,0,0,0,1
CORP,PKG_017,SP_017_005,145,174,30,1,2,0,1,0,0,0,0,0,0,0,0,0,0,0,1,0,0,0,0,0,0,0,0,1
CORP,PKG_017,SP_017_006,175,203,29,1,1,0,0,0,0,0,0,0,0,0,0,0,0,0,1,0,0,0,0,0,0,0,0,1
CORP,PKG_017,SP_017_007,204,221,18,1,1,0,0,0,0,0,0,0,0,0,0,0,0,0,1,0,0,0,0,0,0,0,0,1
CORP,PKG_017,SP_017_008,222,305,84,2,0,0,0,0,0,2,1,1,0,0,0,0,2,0,1,1,0,0,0,1,1,4,0,0
CORP,PKG_017,SP_017_009,306,367,62,2,4,0,0,2,0,0,0,0,0,0,0,0,0,0,2,1,0,0,0,0,0,0,0,1
CORP,PKG_017,SP_017_010,368,380,13,1,0,0,0,1,0,0,0,0,0,0,0,0,0,0,1,0,0,0,0,0,0,0,0,1
CORP,PKG_017,SP_017_011,381,469,89,6,0,0,1,1,0,0,0,0,0,4,1,0,0,0,5,3,4,0,0,0,0,0,0,1
CORP,PKG_017,SP_017_012,470,502,33,2,1,0,0,0,0,0,0,0,0,2,0,0,0,0,1,1,0,0,0,0,0,0,0,1
CORP,PKG_018,SP_018_001,3,176,174,7,1,0,0,0,0,2,0,0,0,16,1,0,0,0,0,0,0,0,0,0,0,2,0,0
CORP,PKG_018,SP_018_002,177,202,26,0,0,0,0,0,0,1,0,0,0,0,0,0,0,0,0,0,0,0,0,0,0,1,0,0
CORP,PKG_019,SP_019_001,13,73,61,2,7,0,1,1,0,0,0,0,0,0,0,0,0,0,1,0,0,0,0,0,0,0,0,1
CORP,PKG_019,SP_019_002,74,103,30,1,0,0,0,0,0,1,0,0,0,0,0,0,2,0,1,0,0,0,0,0,0,1,0,0
CORP,PKG_019,SP_019_003,104,134,31,1,0,0,0,0,0,1,0,0,0,0,0,0,2,0,1,0,0,0,0,0,0,1,0,0
CORP,PKG_019,SP_019_004,135,192,58,2,0,0,0,0,0,2,0,0,0,0,0,0,4,0,2,0,0,0,0,0,0,2,0,0
CORP,PKG_019,SP_019_005,193,222,30,1,0,0,0,0,0,1,0,0,0,0,0,0,2,0,1,0,0,0,0,0,0,1,0,0
CORP,PKG_019,SP_019_006,223,266,44,1,0,0,0,0,0,1,0,0,0,2,0,0,2,0,1,0,0,0,0,0,0,1,0,0
CORP,PKG_019,SP_019_007,267,312,46,1,0,0,1,0,0,1,0,0,0,2,0,0,0,0,0,1,0,0,0,0,0,1,0,0
CORP,PKG_019,SP_019_008,313,342,30,1,0,0,0,0,0,1,0,0,0,0,0,0,2,0,1,0,0,0,0,0,0,1,0,0
CORP,PKG_019,SP_019_009,343,375,33,1,0,0,0,0,0,1,0,0,0,0,0,0,2,0,1,0,0,0,0,0,0,1,0,0
CORP,PKG_019,SP_019_010,376,455,80,1,0,0,0,0,0,1,0,0,0,0,0,0,2,0,1,0,0,0,0,0,0,1,0,0
CORP,PKG_019,SP_019_011,456,492,37,1,0,0,0,0,0,1,0,0,0,0,0,0,2,0,1,0,0,0,0,0,0,1,0,0
CORP,PKG_019,SP_019_012,493,521,29,1,0,0,0,0,0,1,0,0,0,0,0,0,2,0,1,0,0,0,0,0,0,1,0,0
CORP,PKG_019,SP_019_013,522,558,37,1,0,0,0,0,0,1,0,0,0,0,0,0,2,0,1,0,0,0,0,0,0,1,0,0
CORP,PKG_019,SP_019_014,559,601,43,1,0,0,0,0,0,1,0,0,0,0,0,0,2,0,1,0,0,0,0,0,0,1,0,0
CORP,PKG_019,SP_019_015,602,632,31,1,0,0,0,0,0,1,0,0,0,0,0,0,2,0,1,0,0,0,0,0,0,1,0,0
CORP,PKG_019,SP_019_016,633,664,32,1,0,0,0,0,0,1,0,0,0,0,0,0,2,0,1,0,0,0,0,0,0,1,0,0
CORP,PKG_019,SP_019_017,665,703,39,1,0,0,0,0,0,1,0,0,0,0,0,0,2,0,1,0,0,0,0,0,0,1,0,0
CORP,PKG_019,SP_019_018,704,728,25,1,0,0,0,0,0,1,0,0,0,0,0,0,2,0,1,0,0,0,0,0,0,1,0,0
CORP,PKG_019,SP_019_019,729,759,31,1,0,0,0,0,0,1,0,0,0,0,0,0,2,0,1,0,0,0,0,0,0,1,0,0
CORP,PKG_019,SP_019_020,760,792,33,1,0,0,0,0,0,1,0,0,0,0,0,0,2,0,1,0,0,0,0,0,0,1,0,0
CORP,PKG_019,SP_019_021,793,917,125,5,0,2,0,0,0,2,0,0,0,5,0,0,0,0,1,0,0,0,0,0,0,2,0,0
CORP,PKG_020,SP_020_001,14,32,19,1,1,0,0,0,0,0,0,0,0,0,0,0,0,0,1,0,0,0,0,0,0,0,0,1
CORP,PKG_020,SP_020_002,33,64,32,3,4,0,1,1,0,0,0,0,0,0,0,0,0,0,1,0,0,0,0,0,0,0,0,1
CORP,PKG_020,SP_020_003,65,146,82,8,4,0,0,0,0,0,0,0,0,2,0,0,0,0,2,0,0,0,0,0,0,0,0,1
CORP,PKG_020,SP_020_004,147,183,37,3,5,0,1,0,0,0,0,0,0,0,0,0,0,0,1,0,0,0,0,0,0,0,0,1
CORP,PKG_020,SP_020_005,184,197,14,0,0,0,0,0,0,0,0,0,0,0,0,0,0,0,0,0,0,0,0,0,0,0,0,0
CORP,PKG_020,SP_020_006,198,239,42,2,0,1,0,0,0,0,0,0,0,0,0,0,0,0,1,0,0,0,0,0,0,0,0,1
CORP,PKG_020,SP_020_007,240,271,32,3,0,1,1,0,0,0,0,0,0,0,0,0,0,0,1,0,0,0,0,0,0,0,0,1
CORP,PKG_020,SP_020_008,272,345,74,8,6,0,5,1,0,0,0,0,0,0,0,0,0,0,1,0,0,0,0,0,0,0,0,1
CORP,PKG_020,SP_020_009,346,356,11,1,0,0,0,0,0,0,0,0,0,0,0,0,0,0,1,0,0,0,0,0,0,0,0,1
CORP,PKG_020,SP_020_010,357,426,70,8,7,1,1,1,0,0,0,0,0,0,0,0,0,0,1,0,0,0,0,0,0,0,0,1
CORP,PKG_020,SP_020_011,427,574,148,13,12,5,2,0,1,0,0,0,0,0,0,0,0,0,1,0,0,0,0,0,0,0,0,1
CORP,PKG_020,SP_020_012,575,608,34,2,3,0,0,0,0,0,0,0,0,0,0,0,0,0,1,0,0,0,0,0,0,0,0,1
CORP,PKG_020,SP_020_013,609,616,8,1,0,0,0,0,0,0,0,0,0,0,0,0,0,0,1,0,0,0,0,0,0,0,0,1
CORP,PKG_020,SP_020_014,617,675,59,4,8,0,1,2,1,0,0,0,0,0,0,0,0,0,1,0,0,0,0,0,0,0,0,1
CORP,PKG_020,SP_020_015,676,686,11,1,0,0,0,0,0,0,0,0,0,0,0,0,0,0,1,0,0,0,0,0,0,0,0,1
CORP,PKG_021,SP_021_001,3,17,15,1,0,0,0,0,0,0,0,0,0,0,0,0,0,0,0,1,0,0,0,0,0,0,0,1
CORP,PKG_021,SP_021_002,18,28,11,1,0,0,0,0,0,0,0,0,0,0,0,0,0,0,1,0,0,0,0,0,0,0,0,1
CORP,PKG_021,SP_021_003,29,85,57,1,0,0,0,0,0,1,2,0,0,4,1,0,0,0,0,0,0,0,0,0,0,3,0,0
CORP,PKG_021,SP_021_004,86,137,52,3,4,0,0,0,0,0,0,0,0,0,0,0,0,0,1,0,0,0,0,0,0,0,0,1
CORP,PKG_021,SP_021_005,138,221,84,1,0,0,0,0,0,1,2,0,0,6,1,0,0,0,0,0,0,0,0,0,0,3,0,0
CORP,PKG_021,SP_021_006,222,232,11,1,0,0,0,0,0,0,0,0,0,0,0,0,0,0,1,0,0,0,0,0,0,0,0,1
CORP,PKG_021,SP_021_007,233,241,9,1,0,0,0,0,0,0,0,0,0,0,0,0,0,0,1,0,0,0,0,0,0,0,0,1
CORP,PKG_021,SP_021_008,242,294,53,1,0,0,0,0,0,1,1,0,0,6,0,0,0,0,0,0,0,0,0,0,0,2,0,0
CORP,PKG_021,SP_021_009,295,306,12,1,1,0,0,0,0,0,0,0,0,0,0,1,0,0,1,0,0,0,0,0,0,0,0,1
CORP,PKG_021,SP_021_010,307,318,12,1,1,0,1,0,0,0,0,0,0,0,0,0,0,0,1,0,0,0,0,0,0,0,0,1
CORP,PKG_021,SP_021_011,319,399,81,0,0,0,0,0,0,2,3,0,0,8,0,0,0,0,0,0,0,0,0,1,0,5,0,0
CORP,PKG_021,SP_021_012,400,411,12,1,0,0,0,0,0,0,0,0,0,0,0,0,0,0,1,0,0,0,0,0,0,0,0,1
CORP,PKG_021,SP_021_013,412,428,17,1,1,0,0,0,0,0,0,0,0,0,0,0,0,0,1,0,0,0,0,0,0,0,0,1
CORP,PKG_021,SP_021_014,429,439,11,1,0,0,0,0,0,0,0,0,0,0,0,0,0,0,1,0,0,0,0,0,0,0,0,1
CORP,PKG_021,SP_021_015,440,452,13,0,0,0,0,0,0,0,0,0,0,0,0,0,0,0,0,0,0,0,0,0,0,0,0,0
CORP,PKG_021,SP_021_016,453,480,28,0,0,0,0,0,0,1,0,0,0,0,0,0,2,0,1,0,0,0,0,0,0,1,0,0
CORP,PKG_022,SP_022_001,3,34,32,2,0,0,0,0,0,0,0,0,0,0,0,0,0,0,1,1,0,0,0,0,0,0,0,1
CORP,PKG_022,SP_022_002,35,62,28,0,0,0,0,0,0,0,2,0,0,4,0,0,0,0,0,0,0,0,0,0,0,2,0,0
CORP,PKG_022,SP_022_003,63,71,9,1,0,0,0,0,0,0,0,0,0,0,0,0,0,0,1,0,0,0,0,0,0,0,0,1
CORP,PKG_022,SP_022_004,72,113,42,0,0,0,0,0,0,1,0,0,0,2,0,0,0,0,0,0,0,0,0,0,0,1,0,0
CORP,PKG_022,SP_022_005,114,142,29,1,3,0,0,0,0,0,0,0,0,0,0,0,0,0,1,0,0,0,0,0,0,0,0,1
CORP,PKG_022,SP_022_006,143,153,11,0,0,0,0,0,0,0,1,0,0,0,0,0,0,0,0,0,0,0,0,0,0,1,0,0
CORP,PKG_022,SP_022_007,154,165,12,0,0,0,0,0,0,0,1,0,0,0,0,0,0,0,0,0,0,0,0,0,0,1,0,0
CORP,PKG_023,SP_023_001,3,132,130,1,9,1,0,1,0,0,0,0,0,0,0,6,0,0,1,0,0,0,0,0,0,0,0,1
CORP,PKG_023,SP_023_002,133,185,53,2,0,0,0,0,0,0,0,0,0,0,0,0,0,0,1,0,0,0,0,0,0,0,0,1
CORP,PKG_023,SP_023_003,186,276,91,6,4,5,3,4,0,0,0,0,0,0,0,1,0,0,1,0,0,0,0,0,0,0,0,1
CORP,PKG_023,SP_023_004,277,429,153,7,13,2,4,1,0,0,0,0,0,0,0,0,0,0,1,0,0,0,0,0,0,0,0,1
CORP,PKG_023,SP_023_005,430,584,155,7,15,2,5,3,0,0,0,0,0,0,0,0,0,0,1,0,0,0,0,0,0,0,0,1
CORP,PKG_023,SP_023_006,585,620,36,1,0,0,1,0,0,0,0,0,0,0,0,1,0,0,1,0,0,0,0,0,0,0,0,1
CORP,PKG_023,SP_023_007,621,667,47,3,6,2,0,0,0,0,0,0,0,0,0,1,0,0,1,0,0,0,0,0,0,0,0,1
CORP,PKG_023,SP_023_008,668,816,149,6,6,2,0,0,0,0,0,0,0,0,0,0,0,0,1,0,0,0,0,0,0,0,0,1
CORP,PKG_023,SP_023_009,817,864,48,1,0,0,0,0,0,0,0,0,0,0,0,1,0,0,1,0,0,0,0,0,0,0,0,1
CORP,PKG_023,SP_023_010,865,"1,010",146,7,10,5,3,0,0,0,0,0,0,0,0,4,0,0,1,0,0,0,0,0,0,0,0,1
CORP,PKG_023,SP_023_011,"1,011","1,129",119,6,13,1,0,0,0,0,0,0,0,0,0,2,0,0,1,0,0,0,0,0,0,0,0,1
CORP,PKG_023,SP_023_012,"1,130","1,226",97,5,13,0,0,0,1,0,0,0,0,0,0,0,0,0,1,0,0,0,0,0,0,0,0,1
CORP,PKG_023,SP_023_013,"1,227","1,325",99,3,10,0,1,0,0,0,0,0,0,0,0,1,0,0,1,0,0,0,0,0,0,0,0,1
CORP,PKG_023,SP_023_014,"1,326","1,419",94,4,8,2,1,0,0,0,0,0,0,0,0,0,0,0,1,0,0,0,0,0,0,0,0,1
CORP,PKG_023,SP_023_015,"1,420","1,476",57,2,6,0,0,0,0,0,0,0,0,0,0,0,0,0,1,0,0,0,0,0,0,0,0,1
CORP,PKG_023,SP_023_016,"1,477","1,493",17,1,0,0,0,0,0,0,0,0,0,0,0,0,0,0,1,0,0,0,0,0,0,0,0,1
CORP,PKG_023,SP_023_017,"1,494","1,504",11,1,0,0,0,0,0,0,0,0,0,0,0,0,0,0,1,0,0,0,0,0,0,0,0,1
CORP,PKG_023,SP_023_018,"1,505","1,536",32,2,1,0,0,0,0,0,0,0,0,0,0,0,0,0,1,0,0,0,0,0,0,0,0,1
CORP,PKG_023,SP_023_019,"1,537","1,608",72,2,3,0,0,0,0,0,0,0,0,0,0,3,0,0,1,0,0,0,0,0,0,0,0,1
CORP,PKG_023,SP_023_020,"1,609","1,649",41,1,4,0,1,0,0,0,0,0,0,0,0,0,0,0,1,0,0,0,0,0,0,0,0,1
CORP,PKG_023,SP_023_021,"1,650","1,712",63,1,10,0,0,0,0,0,0,0,0,0,0,0,0,0,1,0,0,0,0,0,0,0,0,1
CORP,PKG_023,SP_023_022,"1,713","1,755",43,3,4,0,0,0,0,0,0,0,0,0,0,0,0,0,1,0,0,0,0,0,0,0,0,1
CORP,PKG_023,SP_023_023,"1,756","1,806",51,1,6,0,0,0,0,0,0,0,0,0,0,0,0,0,1,0,0,0,0,0,0,0,0,1
CORP,PKG_023,SP_023_024,"1,807","1,846",40,1,6,0,0,0,0,0,0,0,0,0,0,0,0,0,0,0,0,0,0,0,0,0,0,1
CORP,PKG_023,SP_023_025,"1,847","1,911",65,3,6,0,1,0,0,0,0,0,0,0,0,0,0,0,1,0,0,0,0,0,0,0,0,1
CORP,PKG_023,SP_023_026,"1,912","2,000",89,3,13,0,0,0,0,0,0,0,0,0,0,0,0,0,1,0,0,0,0,0,0,0,0,1
CORP,PKG_023,SP_023_027,"2,001","2,098",98,4,15,1,0,0,0,0,0,0,0,0,0,0,0,0,1,0,0,0,0,0,0,0,0,1
CORP,PKG_023,SP_023_028,"2,099","2,196",98,4,15,1,0,0,0,0,0,0,0,0,0,0,0,0,1,0,0,0,0,0,0,0,0,1
CORP,PKG_023,SP_023_029,"2,197","2,269",73,2,11,0,0,0,0,0,0,0,0,0,0,0,0,0,1,0,0,0,0,0,0,0,0,1
CORP,PKG_023,SP_023_030,"2,270","2,348",79,2,9,0,1,0,0,0,0,0,0,0,0,0,0,0,1,0,0,0,0,0,0,0,0,1
CORP,PKG_023,SP_023_031,"2,349","2,364",16,2,0,0,0,1,0,0,0,0,0,0,0,0,0,0,1,0,0,0,0,0,0,0,0,1
CORP,PKG_023,SP_023_032,"2,365","2,421",57,3,6,1,1,1,0,0,0,0,0,0,0,1,0,0,1,0,0,0,0,0,0,0,0,1
CORP,PKG_023,SP_023_033,"2,422","2,429",8,1,0,0,0,0,0,0,0,0,0,0,0,0,0,0,1,0,0,0,0,0,0,0,0,1
CORP,PKG_023,SP_023_034,"2,430","2,465",36,2,1,0,1,0,0,0,0,0,0,0,0,1,0,0,1,0,0,0,0,0,0,0,0,1
CORP,PKG_023,SP_023_035,"2,466","2,502",37,2,5,0,0,0,0,0,0,0,0,0,0,0,0,0,1,0,0,0,0,0,0,0,0,1
CORP,PKG_023,SP_023_036,"2,503","2,530",28,1,2,0,0,0,0,0,0,0,0,0,0,0,0,0,1,0,0,0,0,0,0,0,0,1
CORP,PKG_023,SP_023_037,"2,531","2,578",48,3,2,0,1,0,0,0,0,0,0,2,0,0,0,0,1,0,0,0,0,0,0,0,0,1
CORP,PKG_023,SP_023_038,"2,579","2,589",11,1,0,0,0,1,0,0,0,0,0,0,0,0,0,0,1,0,0,0,0,0,0,0,0,1
CORP,PKG_023,SP_023_039,"2,590","2,669",80,2,9,1,1,1,0,0,0,0,0,0,0,2,0,0,2,0,0,0,0,0,0,0,0,1
CORP,PKG_023,SP_023_040,"2,670","2,690",21,1,2,1,1,0,0,0,0,0,0,0,0,0,0,0,1,0,0,0,0,0,0,0,0,1
CORP,PKG_023,SP_023_041,"2,691","2,764",74,6,3,2,1,2,0,0,0,0,0,0,0,3,0,0,1,0,0,0,0,0,0,0,0,1
CORP,PKG_023,SP_023_042,"2,765","2,777",13,1,0,0,0,1,0,0,0,0,0,0,0,0,0,0,1,0,0,0,0,0,0,0,0,1
CORP,PKG_023,SP_023_043,"2,778","2,797",20,2,0,0,1,0,0,0,1,0,0,0,0,0,0,0,0,0,0,0,0,0,0,1,0,0
CORP,PKG_023,SP_023_044,"2,798","2,848",51,1,6,0,0,0,0,0,0,0,0,0,0,0,0,0,1,0,0,0,0,0,0,0,0,1
CORP,PKG_023,SP_023_045,"2,849","2,890",42,2,2,1,1,0,0,0,0,0,0,0,0,3,0,0,1,0,0,0,0,0,0,0,0,1
CORP,PKG_024,SP_024_001,13,34,22,1,0,0,0,0,0,0,0,0,0,0,0,1,0,0,1,0,0,0,0,0,0,0,0,1
CORP,PKG_025,SP_025_001,3,154,152,12,8,0,4,0,0,0,0,0,0,2,0,0,0,0,2,0,0,0,0,0,0,0,0,1
CORP,PKG_025,SP_025_002,155,186,32,2,4,1,0,1,0,0,0,0,0,0,0,0,0,0,1,0,0,0,0,0,0,0,0,1
CORP,PKG_025,SP_025_003,187,220,34,2,6,1,0,1,0,0,0,0,0,0,0,0,0,0,1,0,0,0,0,0,0,0,0,1
CORP,PKG_025,SP_025_004,221,388,168,10,16,0,1,1,1,0,0,0,0,4,0,1,0,0,1,0,0,0,0,0,0,0,0,1
CORP,PKG_025,SP_025_005,389,407,19,1,1,0,0,0,0,0,0,0,0,0,0,0,0,0,1,0,0,0,0,0,0,0,0,1
CORP,PKG_025,SP_025_006,408,437,30,1,4,0,0,1,0,0,0,0,0,0,0,0,0,0,1,0,0,0,0,0,0,0,0,1
CORP,PKG_025,SP_025_007,438,453,16,1,2,0,0,0,0,0,0,0,0,0,0,0,0,0,1,0,0,0,0,0,0,0,0,1
CORP,PKG_025,SP_025_008,454,470,17,1,1,0,1,0,0,0,0,0,0,0,0,0,0,0,1,0,0,0,0,0,0,0,0,1
CORP,PKG_025,SP_025_009,471,519,49,2,2,0,0,0,0,0,0,0,0,2,0,0,2,0,1,0,0,0,0,1,0,0,0,1
CORP,PKG_025,SP_025_010,520,821,302,26,6,0,2,0,0,0,0,0,0,16,3,0,0,0,0,5,0,0,0,0,0,0,0,1
CORP,PKG_025,SP_025_011,822,864,43,1,0,0,0,0,0,0,0,0,0,2,0,0,0,0,0,1,0,0,0,0,0,0,0,1
CORP,PKG_025,SP_025_012,865,920,56,8,0,0,4,0,0,0,0,0,0,2,0,0,0,0,2,0,0,0,0,0,0,0,0,1
CORP,PKG_025,SP_025_013,921,955,35,4,1,0,1,0,0,0,0,0,0,0,0,0,0,0,1,0,0,0,0,0,0,0,0,1
CORP,PKG_025,SP_025_014,956,"1,034",79,10,1,1,2,1,0,0,0,0,0,0,0,1,0,0,1,0,0,0,0,0,0,0,0,1
CORP,PKG_025,SP_025_015,"1,035","1,083",49,2,2,0,0,0,0,0,0,0,0,2,0,0,2,0,1,0,0,0,0,1,0,0,0,1
CORP,PKG_025,SP_025_016,"1,084","1,105",22,1,3,0,0,0,0,0,0,0,0,0,0,0,0,0,1,0,0,0,0,0,0,0,0,1
CORP,PKG_025,SP_025_017,"1,106","1,120",15,2,0,0,1,0,0,0,0,0,0,0,0,0,0,0,1,0,0,0,0,0,0,0,0,1
CORP,PKG_025,SP_025_018,"1,121","1,136",16,1,1,0,0,0,0,0,0,0,0,0,0,0,0,0,1,0,0,0,0,0,0,0,0,1
CORP,PKG_025,SP_025_019,"1,137","1,154",18,2,0,0,0,0,0,0,0,0,0,0,0,0,0,0,1,0,0,0,0,0,0,0,0,1
CORP,PKG_025,SP_025_020,"1,155","1,255",101,11,1,0,1,0,0,0,0,0,0,10,1,0,0,0,3,0,0,0,0,0,0,0,0,1
CORP,PKG_025,SP_025_021,"1,256","1,294",39,5,2,0,4,1,0,0,0,0,0,0,0,0,0,0,1,0,0,0,0,0,0,0,0,1
CORP,PKG_025,SP_025_022,"1,295","1,518",224,18,18,1,2,1,0,0,0,0,0,2,0,2,0,0,2,0,0,0,0,0,0,0,0,1
CORP,PKG_025,SP_025_023,"1,519","1,543",25,0,0,0,0,0,0,1,0,0,0,0,0,0,0,0,0,0,0,0,0,0,0,1,0,0
CORP,PKG_025,SP_025_024,"1,544","1,606",63,6,1,0,1,0,0,0,0,0,0,2,0,2,0,0,1,1,0,0,0,0,0,0,0,1
CORP,PKG_025,SP_025_025,"1,607","1,622",16,0,0,0,0,0,0,1,0,0,0,0,0,0,0,0,0,0,0,0,0,0,0,1,0,0
CORP,PKG_025,SP_025_026,"1,623","1,721",99,13,0,2,1,0,0,0,0,0,0,6,0,0,0,0,1,0,0,0,0,0,0,0,0,1
CORP,PKG_025,SP_025_027,"1,722","1,756",35,1,0,0,0,0,0,1,0,0,0,2,0,0,0,0,0,0,0,0,0,0,0,1,0,0
CORP,PKG_025,SP_025_028,"1,757","1,775",19,0,0,0,0,0,0,1,0,0,0,0,0,0,0,0,0,0,0,0,0,0,0,1,0,0
CORP,PKG_025,SP_025_029,"1,776","1,791",16,1,0,0,0,0,0,0,0,0,0,0,0,0,0,0,1,0,0,0,0,0,0,0,0,1
CORP,PKG_025,SP_025_030,"1,792","1,829",38,0,0,0,0,0,0,1,0,0,0,0,0,0,0,0,0,0,0,0,0,0,0,1,0,0
CORP,PKG_025,SP_025_031,"1,830","1,849",20,0,0,0,0,0,0,1,0,0,0,0,0,0,0,0,0,0,0,0,0,0,0,1,0,0
CORP,PKG_025,SP_025_032,"1,850","1,980",131,6,6,0,0,0,0,2,0,0,0,8,0,0,0,0,0,0,0,0,0,0,0,2,0,0
CORP,PKG_025,SP_025_033,"1,981","2,034",54,1,0,0,0,0,0,1,1,0,0,4,0,0,0,0,0,0,0,0,0,0,0,2,0,0
CORP,PKG_025,SP_025_034,"2,035","2,089",55,1,0,0,0,0,0,1,1,0,0,5,0,0,0,0,0,0,0,0,0,0,0,2,0,0
CORP,PKG_025,SP_025_035,"2,090","2,119",30,1,6,0,1,1,0,0,0,0,0,0,0,0,0,0,1,0,0,0,0,0,0,0,0,1
CORP,PKG_025,SP_025_036,"2,120","2,143",24,2,0,0,0,0,0,0,0,0,0,2,0,0,0,0,0,0,0,0,0,0,0,0,0,1
CORP,PKG_025,SP_025_037,"2,144","2,165",22,0,0,0,0,0,0,1,0,0,0,0,0,0,0,0,0,0,0,0,0,0,0,1,0,0
CORP,PKG_025,SP_025_038,"2,166","2,181",16,1,0,0,0,0,0,0,0,0,0,0,0,0,0,0,1,0,0,0,0,0,0,0,0,1
CORP,PKG_025,SP_025_039,"2,182","2,204",23,1,1,0,0,0,0,0,0,0,0,0,0,0,0,0,1,0,0,0,0,0,0,0,0,1
CORP,PKG_025,SP_025_040,"2,205","2,242",38,2,6,1,0,1,0,0,0,0,0,0,0,0,0,0,1,0,0,0,0,0,0,0,0,1
CORP,PKG_025,SP_025_041,"2,243","2,280",38,2,6,1,0,1,0,0,0,0,0,0,0,0,0,0,1,0,0,0,0,0,0,0,0,1
CORP,PKG_025,SP_025_042,"2,281","2,302",22,1,5,0,0,0,0,0,0,0,0,0,0,0,0,0,1,0,0,0,0,0,0,0,0,1
CORP,PKG_025,SP_025_043,"2,303","2,327",25,1,3,1,0,0,0,0,0,0,0,0,0,1,0,0,1,0,0,0,0,0,0,0,0,1
CORP,PKG_025,SP_025_044,"2,328","2,352",25,1,3,0,0,0,0,0,0,0,0,0,0,1,0,0,1,0,0,0,0,0,0,0,0,1
CORP,PKG_025,SP_025_045,"2,353","2,404",52,1,8,1,0,0,0,0,0,0,0,0,0,2,0,0,1,0,0,0,0,0,0,0,0,1
CORP,PKG_025,SP_025_046,"2,405","2,445",41,1,0,0,0,0,0,1,1,0,0,2,0,0,0,0,0,0,0,0,0,0,0,2,0,0
CORP,PKG_026,SP_026_001,8,16,9,1,0,0,0,0,0,0,0,0,0,0,0,0,0,0,1,0,0,0,0,0,0,0,0,1
CORP,PKG_026,SP_026_002,17,28,12,1,1,0,0,0,0,0,0,0,0,0,0,0,0,0,1,0,0,0,0,0,0,0,0,1
CORP,PKG_026,SP_026_003,29,40,12,1,1,0,0,0,0,0,0,0,0,0,0,0,0,0,1,0,0,0,0,0,0,0,0,1
CORP,PKG_026,SP_026_004,41,55,15,0,0,0,0,0,0,1,0,0,0,0,0,0,0,0,0,0,0,0,0,0,0,1,0,0
CORP,PKG_026,SP_026_005,56,64,9,0,0,0,0,0,0,0,0,1,0,0,0,0,0,0,0,0,0,0,0,0,0,1,0,0
CORP,PKG_027,SP_027_001,13,175,163,5,0,0,0,0,0,1,2,0,0,12,5,0,0,0,0,0,0,0,0,0,0,3,0,0
CORP,PKG_027,SP_027_002,176,184,9,1,0,0,1,0,0,0,0,0,0,0,0,0,0,0,1,0,0,0,0,0,0,0,0,1
CORP,PKG_027,SP_027_003,185,199,15,1,0,0,1,0,0,0,0,0,0,0,0,0,0,0,1,0,0,0,0,0,0,0,0,1
CORP,PKG_028,SP_028_001,3,22,20,3,0,1,1,1,0,0,0,0,0,0,0,0,0,0,2,1,0,0,0,0,0,0,0,1
CORP,PKG_028,SP_028_002,23,33,11,1,0,0,1,0,0,0,0,0,0,0,0,0,0,0,1,1,0,0,0,0,0,0,0,1
CORP,PKG_028,SP_028_003,34,55,22,3,0,0,1,0,0,0,0,0,0,0,0,0,0,0,1,0,0,0,0,0,0,0,0,1
CORP,PKG_028,SP_028_004,56,144,89,4,0,1,1,0,0,5,0,0,0,2,0,0,0,0,0,2,0,0,0,0,0,5,0,0
CORP,PKG_028,SP_028_005,145,191,47,4,0,0,2,0,0,0,0,0,0,2,0,0,0,0,2,0,0,0,0,0,0,0,0,1
CORP,PKG_028,SP_028_006,192,216,25,4,0,0,1,0,0,0,0,0,0,0,0,0,0,0,1,0,0,0,0,0,0,0,0,1
CORP,PKG_028,SP_028_007,217,279,63,0,0,0,0,0,0,1,2,0,0,4,2,0,0,0,0,0,0,0,0,0,0,3,0,0
CORP,PKG_028,SP_028_008,280,296,17,3,0,1,1,0,0,0,0,0,0,0,0,0,0,0,1,0,0,0,0,0,0,0,0,1
